Date,Rainfall_mm,Streamflow_cfs
2003-01-01,0.03,3210.0
2003-01-02,0.39,3620.0
2003-01-03,0.0,3450.0
2003-01-04,0.0,2330.0
2003-01-05,0.0,1180.0
2003-01-06,0.0,932.0
2003-01-07,0.0,791.0
2003-01-08,0.0,705.0
2003-01-09,3.37,654.0
2003-01-10,0.0,649.0
2003-01-11,0.0,618.0
2003-01-12,0.0,566.0
2003-01-13,0.0,523.0
2003-01-14,0.0,498.0
2003-01-15,0.0,481.0
2003-01-16,0.0,466.0
2003-01-17,0.0,454.0
2003-01-18,0.0,440.0
2003-01-19,0.0,431.0
2003-01-20,0.0,422.0
2003-01-21,0.0,419.0
2003-01-22,0.0,420.0
2003-01-23,0.0,410.0
2003-01-24,0.0,393.0
2003-01-25,0.0,382.0
2003-01-26,0.0,377.0
2003-01-27,0.0,374.0
2003-01-28,6.4,370.0
2003-01-29,35.78,390.0
2003-01-30,0.0,2800.0
2003-01-31,0.0,3610.0
2003-02-01,0.0,3200.0
2003-02-02,0.0,2190.0
2003-02-03,2.17,1180.0
2003-02-04,0.0,856.0
2003-02-05,7.45,719.0
2003-02-06,28.78,1020.0
2003-02-07,0.0,2290.0
2003-02-08,0.01,2600.0
2003-02-09,12.65,2230.0
2003-02-10,0.0,1760.0
2003-02-11,0.0,1600.0
2003-02-12,0.0,1480.0
2003-02-13,0.0,1060.0
2003-02-14,2.53,842.0
2003-02-15,36.28,766.0
2003-02-16,1.37,3230.0
2003-02-17,0.0,4610.0
2003-02-18,0.0,4850.0
2003-02-19,6.07,3130.0
2003-02-20,58.14,1920.0
2003-02-21,76.58,5170.0
2003-02-22,1.99,13500.0
2003-02-23,0.0,23900.0
2003-02-24,0.21,29300.0
2003-02-25,4.06,17700.0
2003-02-26,15.13,5040.0
2003-02-27,0.0,3750.0
2003-02-28,0.0,3590.0
2003-03-01,0.43,3340.0
2003-03-02,0.0,2370.0
2003-03-03,1.86,1760.0
2003-03-04,3.8,1480.0
2003-03-05,13.34,1320.0
2003-03-06,5.74,1410.0
2003-03-07,0.0,2110.0
2003-03-08,2.27,2470.0
2003-03-09,0.0,1600.0
2003-03-10,0.0,1220.0
2003-03-11,0.12,1030.0
2003-03-12,6.07,904.0
2003-03-13,28.54,860.0
2003-03-14,0.0,1540.0
2003-03-15,0.0,3180.0
2003-03-16,7.58,3210.0
2003-03-17,3.08,2240.0
2003-03-18,13.42,1750.0
2003-03-19,0.0,2580.0
2003-03-20,0.0,3010.0
2003-03-21,0.0,2390.0
2003-03-22,0.0,1370.0
2003-03-23,0.0,938.0
2003-03-24,0.0,791.0
2003-03-25,0.0,698.0
2003-03-26,0.2,633.0
2003-03-27,0.0,593.0
2003-03-28,1.47,563.0
2003-03-29,2.23,532.0
2003-03-30,0.0,503.0
2003-03-31,0.0,477.0
2003-04-01,0.0,450.0
2003-04-02,0.0,431.0
2003-04-03,1.3,415.0
2003-04-04,4.06,408.0
2003-04-05,17.18,402.0
2003-04-06,56.8,401.0
2003-04-07,30.53,2830.0
2003-04-08,2.45,5330.0
2003-04-09,0.0,9400.0
2003-04-10,0.0,7860.0
2003-04-11,0.0,2380.0
2003-04-12,0.0,1440.0
2003-04-13,0.0,897.0
2003-04-14,0.0,722.0
2003-04-15,0.0,622.0
2003-04-16,0.0,552.0
2003-04-17,0.0,506.0
2003-04-18,0.0,463.0
2003-04-19,0.0,429.0
2003-04-20,0.15,403.0
2003-04-21,0.0,384.0
2003-04-22,0.0,367.0
2003-04-23,0.04,342.0
2003-04-24,41.44,439.0
2003-04-25,1.18,779.0
2003-04-26,0.0,2130.0
2003-04-27,0.0,2470.0
2003-04-28,0.0,1400.0
2003-04-29,0.0,613.0
2003-04-30,0.0,463.0
2003-05-01,0.0,394.0
2003-05-02,0.0,354.0
2003-05-03,0.93,328.0
2003-05-04,0.0,308.0
2003-05-05,0.0,303.0
2003-05-06,0.0,292.0
2003-05-07,7.46,272.0
2003-05-08,0.0,263.0
2003-05-09,0.0,255.0
2003-05-10,0.0,244.0
2003-05-11,6.25,235.0
2003-05-12,0.0,230.0
2003-05-13,3.67,223.0
2003-05-14,20.72,220.0
2003-05-15,0.22,1590.0
2003-05-16,0.0,592.0
2003-05-17,20.06,460.0
2003-05-18,1.97,635.0
2003-05-19,5.93,550.0
2003-05-20,15.56,617.0
2003-05-21,2.79,1050.0
2003-05-22,0.0,701.0
2003-05-23,0.0,603.0
2003-05-24,0.0,414.0
2003-05-25,9.02,331.0
2003-05-26,6.13,318.0
2003-05-27,0.15,334.0
2003-05-28,0.0,348.0
2003-05-29,0.0,302.0
2003-05-30,0.0,271.0
2003-05-31,0.0,250.0
2003-06-01,0.0,234.0
2003-06-02,29.58,224.0
2003-06-03,10.14,302.0
2003-06-04,0.0,395.0
2003-06-05,5.79,370.0
2003-06-06,17.5,415.0
2003-06-07,0.0,515.0
2003-06-08,0.0,429.0
2003-06-09,0.0,341.0
2003-06-10,0.02,282.0
2003-06-11,14.66,255.0
2003-06-12,18.45,285.0
2003-06-13,24.15,386.0
2003-06-14,16.38,720.0
2003-06-15,8.88,846.0
2003-06-16,0.25,1440.0
2003-06-17,25.37,1620.0
2003-06-18,0.59,1750.0
2003-06-19,10.04,1720.0
2003-06-20,0.0,2010.0
2003-06-21,2.4,1500.0
2003-06-22,0.0,1050.0
2003-06-23,0.0,549.0
2003-06-24,0.0,386.0
2003-06-25,0.0,323.0
2003-06-26,18.59,285.0
2003-06-27,27.63,265.0
2003-06-28,0.43,379.0
2003-06-29,18.62,792.0
2003-06-30,55.92,758.0
2003-07-01,8.48,1890.0
2003-07-02,2.19,3210.0
2003-07-03,12.95,3810.0
2003-07-04,17.18,4090.0
2003-07-05,25.84,4290.0
2003-07-06,0.09,3220.0
2003-07-07,7.22,2280.0
2003-07-08,3.71,1330.0
2003-07-09,1.4,802.0
2003-07-10,0.65,608.0
2003-07-11,9.07,593.0
2003-07-12,0.0,656.0
2003-07-13,12.24,683.0
2003-07-14,0.0,1180.0
2003-07-15,0.0,1050.0
2003-07-16,0.25,702.0
2003-07-17,18.72,488.0
2003-07-18,0.0,951.0
2003-07-19,1.46,991.0
2003-07-20,5.45,1030.0
2003-07-21,7.6,596.0
2003-07-22,28.61,447.0
2003-07-23,8.33,1890.0
2003-07-24,0.0,2170.0
2003-07-25,0.0,2180.0
2003-07-26,0.0,1300.0
2003-07-27,0.0,620.0
2003-07-28,0.55,398.0
2003-07-29,0.66,356.0
2003-07-30,9.91,364.0
2003-07-31,2.27,380.0
2003-08-01,0.03,435.0
2003-08-02,13.7,355.0
2003-08-03,20.93,379.0
2003-08-04,2.74,943.0
2003-08-05,2.51,1620.0
2003-08-06,29.7,1280.0
2003-08-07,0.0,1180.0
2003-08-08,0.02,2680.0
2003-08-09,0.0,3100.0
2003-08-10,0.0,1160.0
2003-08-11,0.0,600.0
2003-08-12,24.58,480.0
2003-08-13,3.63,1260.0
2003-08-14,0.0,1350.0
2003-08-15,0.0,1280.0
2003-08-16,4.26,671.0
2003-08-17,0.0,477.0
2003-08-18,4.45,408.0
2003-08-19,1.31,372.0
2003-08-20,0.01,367.0
2003-08-21,2.03,368.0
2003-08-22,0.0,389.0
2003-08-23,0.0,359.0
2003-08-24,0.0,301.0
2003-08-25,0.0,279.0
2003-08-26,0.0,260.0
2003-08-27,1.35,248.0
2003-08-28,8.62,240.0
2003-08-29,5.25,308.0
2003-08-30,6.51,316.0
2003-08-31,8.1,301.0
2003-09-01,2.57,309.0
2003-09-02,0.96,284.0
2003-09-03,5.61,263.0
2003-09-04,0.0,252.0
2003-09-05,0.03,238.0
2003-09-06,2.86,239.0
2003-09-07,0.0,243.0
2003-09-08,0.0,228.0
2003-09-09,0.0,221.0
2003-09-10,0.0,245.0
2003-09-11,0.0,213.0
2003-09-12,0.0,195.0
2003-09-13,13.76,190.0
2003-09-14,0.0,206.0
2003-09-15,0.0,217.0
2003-09-16,0.0,199.0
2003-09-17,0.0,188.0
2003-09-18,0.0,179.0
2003-09-19,0.0,172.0
2003-09-20,0.0,166.0
2003-09-21,32.98,167.0
2003-09-22,9.4,236.0
2003-09-23,0.0,263.0
2003-09-24,0.0,226.0
2003-09-25,0.0,208.0
2003-09-26,0.64,197.0
2003-09-27,1.57,192.0
2003-09-28,0.0,182.0
2003-09-29,0.0,170.0
2003-09-30,0.0,164.0
2003-10-01,0.0,156.0
2003-10-02,0.0,153.0
2003-10-03,0.0,152.0
2003-10-04,0.0,153.0
2003-10-05,0.06,153.0
2003-10-06,3.03,153.0
2003-10-07,5.63,156.0
2003-10-08,0.35,162.0
2003-10-09,5.42,169.0
2003-10-10,12.89,174.0
2003-10-11,0.2,180.0
2003-10-12,0.0,178.0
2003-10-13,0.0,215.0
2003-10-14,0.0,227.0
2003-10-15,0.0,197.0
2003-10-16,0.0,182.0
2003-10-17,0.0,173.0
2003-10-18,0.0,169.0
2003-10-19,0.0,166.0
2003-10-20,0.0,164.0
2003-10-21,0.0,161.0
2003-10-22,0.0,158.0
2003-10-23,0.0,158.0
2003-10-24,0.0,157.0
2003-10-25,32.48,155.0
2003-10-26,1.76,325.0
2003-10-27,0.0,294.0
2003-10-28,0.0,228.0
2003-10-29,0.0,209.0
2003-10-30,0.0,192.0
2003-10-31,0.0,181.0
2003-11-01,0.0,175.0
2003-11-02,0.0,172.0
2003-11-03,0.0,168.0
2003-11-04,3.09,166.0
2003-11-05,4.29,193.0
2003-11-06,0.0,220.0
2003-11-07,0.0,219.0
2003-11-08,0.0,199.0
2003-11-09,0.0,190.0
2003-11-10,0.0,189.0
2003-11-11,0.0,183.0
2003-11-12,0.0,176.0
2003-11-13,0.0,169.0
2003-11-14,0.0,164.0
2003-11-15,0.0,161.0
2003-11-16,2.63,163.0
2003-11-17,1.01,166.0
2003-11-18,35.12,206.0
2003-11-19,0.0,372.0
2003-11-20,0.0,359.0
2003-11-21,0.0,380.0
2003-11-22,0.0,319.0
2003-11-23,15.89,256.0
2003-11-24,0.0,248.0
2003-11-25,0.0,268.0
2003-11-26,82.46,258.0
2003-11-27,22.86,2580.0
2003-11-28,0.0,4290.0
2003-11-29,0.0,5010.0
2003-11-30,0.0,5120.0
2003-12-01,0.0,2100.0
2003-12-02,0.0,778.0
2003-12-03,3.58,556.0
2003-12-04,0.42,460.0
2003-12-05,0.0,403.0
2003-12-06,0.0,363.0
2003-12-07,0.0,335.0
2003-12-08,0.0,317.0
2003-12-09,8.92,307.0
2003-12-10,0.0,317.0
2003-12-11,0.0,332.0
2003-12-12,3.91,322.0
2003-12-13,11.51,440.0
2003-12-14,0.0,555.0
2003-12-15,0.0,437.0
2003-12-16,2.54,411.0
2003-12-17,0.0,390.0
2003-12-18,0.0,339.0
2003-12-19,0.0,306.0
2003-12-20,0.0,283.0
2003-12-21,0.0,268.0
2003-12-22,0.0,258.0
2003-12-23,18.1,273.0
2003-12-24,0.0,402.0
2003-12-25,0.0,458.0
2003-12-26,0.0,509.0
2003-12-27,0.0,404.0
2003-12-28,7.29,339.0
2003-12-29,39.99,629.0
2003-12-30,0.0,2590.0
2003-12-31,0.0,3380.0
2004-01-01,0.0,3150.0
2004-01-02,0.18,1950.0
2004-01-03,0.07,967.0
2004-01-04,19.94,769.0
2004-01-05,5.07,740.0
2004-01-06,0.0,1670.0
2004-01-07,1.69,3040.0
2004-01-08,19.52,2750.0
2004-01-09,0.0,1720.0
2004-01-10,0.0,2380.0
2004-01-11,0.0,2290.0
2004-01-12,0.0,1380.0
2004-01-13,0.0,936.0
2004-01-14,0.0,776.0
2004-01-15,0.0,689.0
2004-01-16,4.18,629.0
2004-01-17,19.44,596.0
2004-01-18,4.76,1180.0
2004-01-19,0.0,2430.0
2004-01-20,0.0,2220.0
2004-01-21,0.0,1260.0
2004-01-22,0.0,872.0
2004-01-23,0.0,722.0
2004-01-24,28.91,639.0
2004-01-25,22.81,1310.0
2004-01-26,0.0,3590.0
2004-01-27,0.0,4160.0
2004-01-28,0.0,3820.0
2004-01-29,2.47,2090.0
2004-01-30,0.0,1320.0
2004-01-31,0.0,916.0
2004-02-01,0.74,784.0
2004-02-02,0.0,702.0
2004-02-03,0.0,642.0
2004-02-04,3.92,593.0
2004-02-05,114.12,856.0
2004-02-06,0.0,13400.0
2004-02-07,0.0,23100.0
2004-02-08,0.0,29700.0
2004-02-09,2.08,18000.0
2004-02-10,7.15,5130.0
2004-02-11,48.34,3770.0
2004-02-12,2.93,11300.0
2004-02-13,5.18,8530.0
2004-02-14,10.93,7000.0
2004-02-15,0.0,5680.0
2004-02-16,0.0,4600.0
2004-02-17,0.0,3720.0
2004-02-18,0.0,2440.0
2004-02-19,0.0,1690.0
2004-02-20,0.0,1410.0
2004-02-21,0.0,1230.0
2004-02-22,24.03,1080.0
2004-02-23,19.29,1780.0
2004-02-24,15.32,4040.0
2004-02-25,13.65,6170.0
2004-02-26,0.0,7840.0
2004-02-27,0.0,6690.0
2004-02-28,0.0,5670.0
2004-02-29,0.9,3090.0
2004-03-01,1.7,1670.0
2004-03-02,2.92,1350.0
2004-03-03,0.83,1220.0
2004-03-04,0.17,1120.0
2004-03-05,28.13,1040.0
2004-03-06,0.0,2750.0
2004-03-07,0.0,4910.0
2004-03-08,0.0,6130.0
2004-03-09,0.0,4210.0
2004-03-10,0.0,2090.0
2004-03-11,0.0,1310.0
2004-03-12,0.0,954.0
2004-03-13,0.0,830.0
2004-03-14,3.45,752.0
2004-03-15,2.05,718.0
2004-03-16,0.0,723.0
2004-03-17,0.0,694.0
2004-03-18,0.0,646.0
2004-03-19,0.0,598.0
2004-03-20,0.0,562.0
2004-03-21,0.0,529.0
2004-03-22,0.0,492.0
2004-03-23,0.0,466.0
2004-03-24,0.0,450.0
2004-03-25,0.0,441.0
2004-03-26,0.0,432.0
2004-03-27,0.0,420.0
2004-03-28,0.0,407.0
2004-03-29,4.1,411.0
2004-03-30,0.0,555.0
2004-03-31,0.0,528.0
2004-04-01,0.0,428.0
2004-04-02,0.0,391.0
2004-04-03,0.0,370.0
2004-04-04,0.0,354.0
2004-04-05,0.0,341.0
2004-04-06,0.0,333.0
2004-04-07,4.04,326.0
2004-04-08,0.0,360.0
2004-04-09,0.0,345.0
2004-04-10,11.96,321.0
2004-04-11,14.65,312.0
2004-04-12,5.68,332.0
2004-04-13,0.0,386.0
2004-04-14,0.0,441.0
2004-04-15,0.0,404.0
2004-04-16,0.0,358.0
2004-04-17,0.0,322.0
2004-04-18,0.0,297.0
2004-04-19,0.0,280.0
2004-04-20,0.0,267.0
2004-04-21,0.0,259.0
2004-04-22,0.0,251.0
2004-04-23,0.0,244.0
2004-04-24,3.84,237.0
2004-04-25,77.54,469.0
2004-04-26,0.05,2020.0
2004-04-27,0.0,2640.0
2004-04-28,0.0,2700.0
2004-04-29,4.93,1680.0
2004-04-30,0.0,1000.0
2004-05-01,28.37,570.0
2004-05-02,0.26,1300.0
2004-05-03,0.0,1380.0
2004-05-04,0.0,1150.0
2004-05-05,0.0,652.0
2004-05-06,0.0,475.0
2004-05-07,0.0,390.0
2004-05-08,0.0,341.0
2004-05-09,0.0,308.0
2004-05-10,0.0,285.0
2004-05-11,3.63,276.0
2004-05-12,30.05,339.0
2004-05-13,1.71,496.0
2004-05-14,16.38,550.0
2004-05-15,7.87,588.0
2004-05-16,2.97,562.0
2004-05-17,7.14,717.0
2004-05-18,7.6,703.0
2004-05-19,1.24,730.0
2004-05-20,0.0,706.0
2004-05-21,0.0,662.0
2004-05-22,0.0,484.0
2004-05-23,0.0,340.0
2004-05-24,0.0,280.0
2004-05-25,0.0,262.0
2004-05-26,0.0,242.0
2004-05-27,0.0,228.0
2004-05-28,2.81,222.0
2004-05-29,2.7,227.0
2004-05-30,24.07,220.0
2004-05-31,42.95,358.0
2004-06-01,27.88,2090.0
2004-06-02,7.17,3600.0
2004-06-03,0.04,2700.0
2004-06-04,0.0,1920.0
2004-06-05,0.0,1330.0
2004-06-06,15.81,693.0
2004-06-07,0.0,745.0
2004-06-08,0.0,915.0
2004-06-09,0.0,947.0
2004-06-10,0.0,581.0
2004-06-11,0.0,433.0
2004-06-12,0.0,366.0
2004-06-13,14.46,327.0
2004-06-14,26.63,312.0
2004-06-15,5.34,440.0
2004-06-16,9.95,545.0
2004-06-17,0.0,494.0
2004-06-18,3.72,458.0
2004-06-19,0.0,421.0
2004-06-20,0.0,369.0
2004-06-21,12.28,328.0
2004-06-22,5.51,288.0
2004-06-23,8.19,280.0
2004-06-24,17.82,306.0
2004-06-25,8.71,357.0
2004-06-26,8.8,396.0
2004-06-27,18.41,612.0
2004-06-28,11.86,1220.0
2004-06-29,14.51,1120.0
2004-06-30,16.71,1280.0
2004-07-01,27.36,1710.0
2004-07-02,17.22,4580.0
2004-07-03,0.1,6270.0
2004-07-04,0.0,6070.0
2004-07-05,1.26,4360.0
2004-07-06,0.47,3020.0
2004-07-07,0.02,1650.0
2004-07-08,25.76,783.0
2004-07-09,1.85,877.0
2004-07-10,0.0,1620.0
2004-07-11,0.0,2120.0
2004-07-12,0.0,1650.0
2004-07-13,0.0,812.0
2004-07-14,0.0,526.0
2004-07-15,0.0,428.0
2004-07-16,23.11,405.0
2004-07-17,1.14,512.0
2004-07-18,0.0,635.0
2004-07-19,0.0,551.0
2004-07-20,0.0,430.0
2004-07-21,0.0,356.0
2004-07-22,0.0,314.0
2004-07-23,7.35,291.0
2004-07-24,0.0,286.0
2004-07-25,7.78,258.0
2004-07-26,5.12,259.0
2004-07-27,0.0,321.0
2004-07-28,0.0,357.0
2004-07-29,0.0,342.0
2004-07-30,0.0,272.0
2004-07-31,13.24,242.0
2004-08-01,0.47,379.0
2004-08-02,0.0,629.0
2004-08-03,0.0,454.0
2004-08-04,0.0,284.0
2004-08-05,2.25,238.0
2004-08-06,0.0,223.0
2004-08-07,0.0,211.0
2004-08-08,1.94,196.0
2004-08-09,8.14,184.0
2004-08-10,9.09,309.0
2004-08-11,5.42,321.0
2004-08-12,0.0,270.0
2004-08-13,0.0,230.0
2004-08-14,0.0,195.0
2004-08-15,0.0,176.0
2004-08-16,0.0,163.0
2004-08-17,0.0,155.0
2004-08-18,0.0,150.0
2004-08-19,0.56,146.0
2004-08-20,11.63,151.0
2004-08-21,8.28,175.0
2004-08-22,22.35,299.0
2004-08-23,14.27,437.0
2004-08-24,7.81,385.0
2004-08-25,0.0,256.0
2004-08-26,0.0,259.0
2004-08-27,0.0,251.0
2004-08-28,19.18,227.0
2004-08-29,0.65,241.0
2004-08-30,0.0,204.0
2004-08-31,0.0,185.0
2004-09-01,0.0,171.0
2004-09-02,0.0,161.0
2004-09-03,15.2,156.0
2004-09-04,3.58,156.0
2004-09-05,0.0,156.0
2004-09-06,0.0,168.0
2004-09-07,0.0,222.0
2004-09-08,0.0,173.0
2004-09-09,0.0,151.0
2004-09-10,0.0,141.0
2004-09-11,0.0,135.0
2004-09-12,1.54,131.0
2004-09-13,0.0,129.0
2004-09-14,0.0,126.0
2004-09-15,10.29,134.0
2004-09-16,21.09,150.0
2004-09-17,0.0,162.0
2004-09-18,0.0,154.0
2004-09-19,0.0,133.0
2004-09-20,0.0,122.0
2004-09-21,0.0,122.0
2004-09-22,0.0,121.0
2004-09-23,0.0,118.0
2004-09-24,0.0,116.0
2004-09-25,0.0,113.0
2004-09-26,0.0,111.0
2004-09-27,0.0,110.0
2004-09-28,0.0,108.0
2004-09-29,0.0,106.0
2004-09-30,0.0,105.0
2004-10-01,0.0,104.0
2004-10-02,0.0,103.0
2004-10-03,0.0,103.0
2004-10-04,3.07,103.0
2004-10-05,0.0,104.0
2004-10-06,0.0,105.0
2004-10-07,0.04,104.0
2004-10-08,5.9,106.0
2004-10-09,15.31,114.0
2004-10-10,42.96,156.0
2004-10-11,4.31,257.0
2004-10-12,0.0,253.0
2004-10-13,0.0,220.0
2004-10-14,0.0,232.0
2004-10-15,0.0,192.0
2004-10-16,0.0,161.0
2004-10-17,0.0,143.0
2004-10-18,0.42,132.0
2004-10-19,4.37,125.0
2004-10-20,0.0,121.0
2004-10-21,0.0,119.0
2004-10-22,0.0,120.0
2004-10-23,16.53,121.0
2004-10-24,3.9,121.0
2004-10-25,0.6,126.0
2004-10-26,0.0,137.0
2004-10-27,0.0,133.0
2004-10-28,0.0,125.0
2004-10-29,0.0,120.0
2004-10-30,0.0,117.0
2004-10-31,0.0,115.0
2004-11-01,3.92,114.0
2004-11-02,51.1,116.0
2004-11-03,11.79,408.0
2004-11-04,0.0,648.0
2004-11-05,0.0,632.0
2004-11-06,0.0,576.0
2004-11-07,0.0,347.0
2004-11-08,0.0,257.0
2004-11-09,0.0,217.0
2004-11-10,10.28,195.0
2004-11-11,13.54,201.0
2004-11-12,0.65,218.0
2004-11-13,0.05,224.0
2004-11-14,0.0,287.0
2004-11-15,0.0,317.0
2004-11-16,0.0,248.0
2004-11-17,0.0,215.0
2004-11-18,3.61,197.0
2004-11-19,3.18,192.0
2004-11-20,23.52,216.0
2004-11-21,8.89,270.0
2004-11-22,2.38,352.0
2004-11-23,38.54,802.0
2004-11-24,2.05,1100.0
2004-11-25,0.0,2040.0
2004-11-26,20.48,2260.0
2004-11-27,18.83,2020.0
2004-11-28,0.0,2370.0
2004-11-29,5.98,2650.0
2004-11-30,19.25,2220.0
2004-12-01,0.0,1880.0
2004-12-02,0.0,2160.0
2004-12-03,0.0,1920.0
2004-12-04,1.42,1060.0
2004-12-05,26.29,722.0
2004-12-06,25.4,1330.0
2004-12-07,0.0,2830.0
2004-12-08,45.49,3890.0
2004-12-09,1.48,6450.0
2004-12-10,0.0,7190.0
2004-12-11,0.0,6070.0
2004-12-12,0.0,4750.0
2004-12-13,0.0,2400.0
2004-12-14,0.0,1720.0
2004-12-15,0.0,974.0
2004-12-16,0.0,709.0
2004-12-17,0.0,610.0
2004-12-18,0.0,552.0
2004-12-19,0.0,507.0
2004-12-20,0.0,467.0
2004-12-21,0.0,434.0
2004-12-22,17.53,461.0
2004-12-23,0.0,870.0
2004-12-24,0.0,727.0
2004-12-25,0.0,654.0
2004-12-26,0.0,575.0
2004-12-27,0.0,487.0
2004-12-28,0.0,437.0
2004-12-29,0.0,407.0
2004-12-30,0.0,385.0
2004-12-31,0.305,369.0
2005-01-01,0.61,357.0
2005-01-02,0.0,345.0
2005-01-03,0.0,333.0
2005-01-04,0.0,323.0
2005-01-05,4.29,310.0
2005-01-06,0.09,309.0
2005-01-07,27.86,319.0
2005-01-08,0.0,1290.0
2005-01-09,0.0,2500.0
2005-01-10,0.0,2450.0
2005-01-11,1.53,1690.0
2005-01-12,16.37,877.0
2005-01-13,25.5,1090.0
2005-01-14,0.0,3350.0
2005-01-15,0.0,4050.0
2005-01-16,0.0,4030.0
2005-01-17,0.0,2270.0
2005-01-18,0.0,1490.0
2005-01-19,0.0,843.0
2005-01-20,0.0,664.0
2005-01-21,0.0,588.0
2005-01-22,0.0,542.0
2005-01-23,0.0,499.0
2005-01-24,0.0,460.0
2005-01-25,0.0,431.0
2005-01-26,0.0,416.0
2005-01-27,0.28,398.0
2005-01-28,15.24,386.0
2005-01-29,0.54,561.0
2005-01-30,2.38,737.0
2005-01-31,33.78,1190.0
2005-02-01,41.02,4090.0
2005-02-02,5.62,9030.0
2005-02-03,0.0,9000.0
2005-02-04,0.0,7000.0
2005-02-05,0.0,4600.0
2005-02-06,0.0,2700.0
2005-02-07,21.84,1600.0
2005-02-08,31.22,1800.0
2005-02-09,3.47,5600.0
2005-02-10,0.0,5820.0
2005-02-11,0.0,4630.0
2005-02-12,0.0,3250.0
2005-02-13,25.72,2090.0
2005-02-14,0.0,3200.0
2005-02-15,0.0,4210.0
2005-02-16,0.0,4010.0
2005-02-17,0.0,2770.0
2005-02-18,0.0,1910.0
2005-02-19,0.0,1250.0
2005-02-20,3.99,975.0
2005-02-21,0.0,926.0
2005-02-22,0.0,992.0
2005-02-23,10.68,927.0
2005-02-24,4.32,1190.0
2005-02-25,0.0,1390.0
2005-02-26,0.14,1270.0
2005-02-27,3.25,969.0
2005-02-28,0.0,815.0
2005-03-01,0.0,717.0
2005-03-02,1.71,642.0
2005-03-03,0.09,592.0
2005-03-04,0.0,561.0
2005-03-05,0.0,533.0
2005-03-06,0.0,502.0
2005-03-07,20.96,511.0
2005-03-08,0.0,858.0
2005-03-09,0.0,1740.0
2005-03-10,0.44,1830.0
2005-03-11,0.0,1030.0
2005-03-12,0.0,734.0
2005-03-13,10.07,625.0
2005-03-14,0.0,613.0
2005-03-15,23.12,956.0
2005-03-16,2.96,1960.0
2005-03-17,0.0,1950.0
2005-03-18,0.0,1860.0
2005-03-19,3.19,1250.0
2005-03-20,12.78,1000.0
2005-03-21,2.59,1440.0
2005-03-22,14.52,2060.0
2005-03-23,0.0,2650.0
2005-03-24,0.0,2450.0
2005-03-25,0.0,1770.0
2005-03-26,27.52,1120.0
2005-03-27,0.13,2240.0
2005-03-28,0.0,3970.0
2005-03-29,0.0,3960.0
2005-03-30,39.05,2780.0
2005-03-31,25.57,5930.0
2005-04-01,9.57,6800.0
2005-04-02,0.0,7030.0
2005-04-03,0.0,6660.0
2005-04-04,0.0,3950.0
2005-04-05,8.09,1990.0
2005-04-06,54.62,1720.0
2005-04-07,5.76,6970.0
2005-04-08,0.0,7370.0
2005-04-09,0.0,8950.0
2005-04-10,0.0,5110.0
2005-04-11,34.01,2870.0
2005-04-12,0.0,4440.0
2005-04-13,0.0,3990.0
2005-04-14,0.0,3530.0
2005-04-15,0.0,2250.0
2005-04-16,0.0,1220.0
2005-04-17,0.0,961.0
2005-04-18,0.0,822.0
2005-04-19,0.0,731.0
2005-04-20,0.0,667.0
2005-04-21,0.0,620.0
2005-04-22,9.28,582.0
2005-04-23,0.0,915.0
2005-04-24,0.0,782.0
2005-04-25,14.0,650.0
2005-04-26,11.58,641.0
2005-04-27,0.0,996.0
2005-04-28,0.0,994.0
2005-04-29,23.57,826.0
2005-04-30,0.67,1840.0
2005-05-01,0.0,1520.0
2005-05-02,0.0,763.0
2005-05-03,0.0,589.0
2005-05-04,0.0,515.0
2005-05-05,0.0,473.0
2005-05-06,0.0,436.0
2005-05-07,0.0,412.0
2005-05-08,0.0,393.0
2005-05-09,0.92,376.0
2005-05-10,0.0,370.0
2005-05-11,0.0,361.0
2005-05-12,0.0,344.0
2005-05-13,0.0,327.0
2005-05-14,6.97,315.0
2005-05-15,0.0,316.0
2005-05-16,0.0,346.0
2005-05-17,0.0,325.0
2005-05-18,0.0,297.0
2005-05-19,0.0,280.0
2005-05-20,12.75,270.0
2005-05-21,0.0,299.0
2005-05-22,0.0,311.0
2005-05-23,0.0,288.0
2005-05-24,2.59,258.0
2005-05-25,0.0,244.0
2005-05-26,0.0,232.0
2005-05-27,0.0,226.0
2005-05-28,6.43,216.0
2005-05-29,28.19,227.0
2005-05-30,6.11,374.0
2005-05-31,10.82,399.0
2005-06-01,0.0,392.0
2005-06-02,0.0,360.0
2005-06-03,0.0,306.0
2005-06-04,0.0,269.0
2005-06-05,11.53,244.0
2005-06-06,21.4,423.0
2005-06-07,0.0,471.0
2005-06-08,0.0,770.0
2005-06-09,2.27,666.0
2005-06-10,4.22,445.0
2005-06-11,18.99,424.0
2005-06-12,0.0,424.0
2005-06-13,0.0,481.0
2005-06-14,0.0,525.0
2005-06-15,0.0,350.0
2005-06-16,2.41,273.0
2005-06-17,9.71,239.0
2005-06-18,0.0,232.0
2005-06-19,0.0,225.0
2005-06-20,0.0,205.0
2005-06-21,0.0,194.0
2005-06-22,0.0,186.0
2005-06-23,0.0,179.0
2005-06-24,0.0,173.0
2005-06-25,0.0,167.0
2005-06-26,0.21,163.0
2005-06-27,0.0,160.0
2005-06-28,7.37,166.0
2005-06-29,0.01,227.0
2005-06-30,0.0,198.0
2005-07-01,5.49,171.0
2005-07-02,1.21,193.0
2005-07-03,0.0,192.0
2005-07-04,0.0,164.0
2005-07-05,11.8,154.0
2005-07-06,6.09,175.0
2005-07-07,3.6,195.0
2005-07-08,2.57,180.0
2005-07-09,1.35,172.0
2005-07-10,24.26,175.0
2005-07-11,2.85,218.0
2005-07-12,0.0,259.0
2005-07-13,9.63,230.0
2005-07-14,14.24,272.0
2005-07-15,21.56,438.0
2005-07-16,21.79,546.0
2005-07-17,7.16,720.0
2005-07-18,0.0,729.0
2005-07-19,0.0,505.0
2005-07-20,0.0,324.0
2005-07-21,10.94,238.0
2005-07-22,0.0,226.0
2005-07-23,0.0,219.0
2005-07-24,0.0,207.0
2005-07-25,0.0,189.0
2005-07-26,0.0,169.0
2005-07-27,0.0,155.0
2005-07-28,9.51,152.0
2005-07-29,4.94,225.0
2005-07-30,2.09,335.0
2005-07-31,10.43,211.0
2005-08-01,0.0,207.0
2005-08-02,3.78,191.0
2005-08-03,9.14,186.0
2005-08-04,3.09,213.0
2005-08-05,9.18,188.0
2005-08-06,0.02,268.0
2005-08-07,0.0,256.0
2005-08-08,0.0,197.0
2005-08-09,3.92,164.0
2005-08-10,8.6,150.0
2005-08-11,2.57,153.0
2005-08-12,7.24,183.0
2005-08-13,0.0,202.0
2005-08-14,0.0,201.0
2005-08-15,0.72,182.0
2005-08-16,0.0,181.0
2005-08-17,0.0,154.0
2005-08-18,2.17,140.0
2005-08-19,0.0,133.0
2005-08-20,4.88,153.0
2005-08-21,10.33,173.0
2005-08-22,8.37,165.0
2005-08-23,0.0,246.0
2005-08-24,0.0,200.0
2005-08-25,1.94,181.0
2005-08-26,0.0,147.0
2005-08-27,0.0,131.0
2005-08-28,10.64,122.0
2005-08-29,146.44,1850.0
2005-08-30,0.0,8200.0
2005-08-31,0.0,6460.0
2005-09-01,0.0,7620.0
2005-09-02,0.0,5570.0
2005-09-03,0.0,2500.0
2005-09-04,0.0,1170.0
2005-09-05,0.0,628.0
2005-09-06,0.0,469.0
2005-09-07,0.0,401.0
2005-09-08,0.0,347.0
2005-09-09,0.0,313.0
2005-09-10,0.0,290.0
2005-09-11,0.0,268.0
2005-09-12,0.0,251.0
2005-09-13,0.0,240.0
2005-09-14,0.0,232.0
2005-09-15,0.0,225.0
2005-09-16,11.59,219.0
2005-09-17,0.02,216.0
2005-09-18,0.0,251.0
2005-09-19,0.0,237.0
2005-09-20,0.0,220.0
2005-09-21,0.0,208.0
2005-09-22,1.31,200.0
2005-09-23,1.15,195.0
2005-09-24,10.17,191.0
2005-09-25,37.94,189.0
2005-09-26,0.0,257.0
2005-09-27,0.0,637.0
2005-09-28,0.0,811.0
2005-09-29,0.0,761.0
2005-09-30,0.0,455.0
2005-10-01,0.0,304.0
2005-10-02,0.0,245.0
2005-10-03,0.0,215.0
2005-10-04,0.0,197.0
2005-10-05,0.0,185.0
2005-10-06,0.0,174.0
2005-10-07,0.0,164.0
2005-10-08,0.0,158.0
2005-10-09,0.0,154.0
2005-10-10,0.0,151.0
2005-10-11,0.0,148.0
2005-10-12,0.0,145.0
2005-10-13,0.0,144.0
2005-10-14,0.0,143.0
2005-10-15,0.0,140.0
2005-10-16,0.0,136.0
2005-10-17,0.0,132.0
2005-10-18,0.0,131.0
2005-10-19,0.0,128.0
2005-10-20,0.0,127.0
2005-10-21,0.0,127.0
2005-10-22,0.0,126.0
2005-10-23,0.0,123.0
2005-10-24,0.0,120.0
2005-10-25,0.0,119.0
2005-10-26,0.0,119.0
2005-10-27,0.0,120.0
2005-10-28,0.0,119.0
2005-10-29,0.0,119.0
2005-10-30,0.0,119.0
2005-10-31,2.51,120.0
2005-11-01,0.0,123.0
2005-11-02,0.0,124.0
2005-11-03,0.0,122.0
2005-11-04,0.0,121.0
2005-11-05,0.48,121.0
2005-11-06,0.14,121.0
2005-11-07,0.0,122.0
2005-11-08,0.0,120.0
2005-11-09,0.32,120.0
2005-11-10,0.0,118.0
2005-11-11,0.0,116.0
2005-11-12,0.0,115.0
2005-11-13,2.49,117.0
2005-11-14,1.1,120.0
2005-11-15,16.69,122.0
2005-11-16,0.0,150.0
2005-11-17,0.0,195.0
2005-11-18,0.0,160.0
2005-11-19,0.0,143.0
2005-11-20,7.56,140.0
2005-11-21,3.63,145.0
2005-11-22,0.0,151.0
2005-11-23,0.0,150.0
2005-11-24,0.0,145.0
2005-11-25,0.0,141.0
2005-11-26,41.3,147.0
2005-11-27,7.04,467.0
2005-11-28,4.31,582.0
2005-11-29,0.0,434.0
2005-11-30,0.0,316.0
2005-12-01,0.0,246.0
2005-12-02,0.0,211.0
2005-12-03,0.0,192.0
2005-12-04,23.17,183.0
2005-12-05,0.0,209.0
2005-12-06,0.0,211.0
2005-12-07,0.0,191.0
2005-12-08,12.47,196.0
2005-12-09,0.0,230.0
2005-12-10,0.0,246.0
2005-12-11,0.0,240.0
2005-12-12,0.0,221.0
2005-12-13,0.0,203.0
2005-12-14,52.11,200.0
2005-12-15,0.0,1040.0
2005-12-16,0.0,1880.0
2005-12-17,0.15,1880.0
2005-12-18,0.0,1430.0
2005-12-19,0.0,942.0
2005-12-20,0.0,528.0
2005-12-21,0.0,403.0
2005-12-22,0.0,345.0
2005-12-23,0.0,310.0
2005-12-24,23.84,309.0
2005-12-25,1.55,535.0
2005-12-26,0.0,598.0
2005-12-27,0.0,686.0
2005-12-28,0.0,609.0
2005-12-29,0.0,467.0
2005-12-30,0.72,383.0
2005-12-31,0.01,337.0
2006-01-01,0.0,311.0
2006-01-02,0.0,292.0
2006-01-03,0.0,275.0
2006-01-04,0.0,258.0
2006-01-05,0.0,243.0
2006-01-06,0.0,232.0
2006-01-07,0.0,223.0
2006-01-08,0.0,218.0
2006-01-09,0.01,213.0
2006-01-10,0.71,210.0
2006-01-11,0.0,208.0
2006-01-12,13.03,207.0
2006-01-13,2.32,219.0
2006-01-14,0.0,274.0
2006-01-15,0.0,419.0
2006-01-16,21.46,464.0
2006-01-17,15.11,455.0
2006-01-18,0.0,996.0
2006-01-19,0.0,1630.0
2006-01-20,6.43,1460.0
2006-01-21,1.2,985.0
2006-01-22,40.92,655.0
2006-01-23,8.4,824.0
2006-01-24,0.0,2050.0
2006-01-25,0.0,2900.0
2006-01-26,0.0,2790.0
2006-01-27,0.0,1980.0
2006-01-28,31.94,942.0
2006-01-29,6.21,1750.0
2006-01-30,1.73,2300.0
2006-01-31,0.0,2230.0
2006-02-01,28.93,1750.0
2006-02-02,0.91,1780.0
2006-02-03,7.11,2820.0
2006-02-04,0.0,3210.0
2006-02-05,0.0,2520.0
2006-02-06,8.5,1820.0
2006-02-07,0.0,1220.0
2006-02-08,0.0,967.0
2006-02-09,0.0,836.0
2006-02-10,46.79,774.0
2006-02-11,0.11,4860.0
2006-02-12,0.0,4880.0
2006-02-13,0.0,4830.0
2006-02-14,0.0,3910.0
2006-02-15,0.0,2330.0
2006-02-16,0.2,1400.0
2006-02-17,0.0,925.0
2006-02-18,8.5,791.0
2006-02-19,3.39,786.0
2006-02-20,6.8,744.0
2006-02-21,2.54,836.0
2006-02-22,7.03,927.0
2006-02-23,0.2,1140.0
2006-02-24,22.85,1080.0
2006-02-25,21.67,1830.0
2006-02-26,0.0,3470.0
2006-02-27,0.0,3770.0
2006-02-28,0.0,3580.0
2006-03-01,0.0,2490.0
2006-03-02,0.0,1320.0
2006-03-03,0.0,910.0
2006-03-04,0.0,746.0
2006-03-05,0.0,644.0
2006-03-06,0.0,573.0
2006-03-07,0.0,524.0
2006-03-08,0.0,486.0
2006-03-09,28.24,473.0
2006-03-10,0.1,1410.0
2006-03-11,0.0,2360.0
2006-03-12,0.0,2230.0
2006-03-13,6.58,1640.0
2006-03-14,0.0,963.0
2006-03-15,0.0,825.0
2006-03-16,5.11,943.0
2006-03-17,0.0,844.0
2006-03-18,8.95,679.0
2006-03-19,3.29,623.0
2006-03-20,67.13,1130.0
2006-03-21,0.0,8170.0
2006-03-22,0.0,10600.0
2006-03-23,0.0,13000.0
2006-03-24,0.0,7810.0
2006-03-25,0.0,3460.0
2006-03-26,0.0,2160.0
2006-03-27,0.03,1210.0
2006-03-28,1.57,925.0
2006-03-29,0.98,812.0
2006-03-30,0.01,749.0
2006-03-31,5.54,686.0
2006-04-01,0.0,650.0
2006-04-02,0.0,620.0
2006-04-03,0.0,573.0
2006-04-04,0.0,527.0
2006-04-05,0.0,482.0
2006-04-06,0.0,447.0
2006-04-07,5.31,422.0
2006-04-08,0.0,402.0
2006-04-09,0.0,384.0
2006-04-10,0.0,365.0
2006-04-11,0.0,352.0
2006-04-12,0.0,339.0
2006-04-13,0.0,323.0
2006-04-14,0.0,310.0
2006-04-15,0.0,295.0
2006-04-16,0.0,281.0
2006-04-17,0.0,268.0
2006-04-18,0.0,258.0
2006-04-19,0.0,248.0
2006-04-20,0.0,239.0
2006-04-21,17.01,236.0
2006-04-22,0.0,260.0
2006-04-23,0.0,393.0
2006-04-24,0.0,335.0
2006-04-25,10.81,294.0
2006-04-26,0.0,280.0
2006-04-27,0.0,273.0
2006-04-28,0.0,249.0
2006-04-29,36.76,237.0
2006-04-30,20.31,401.0
2006-05-01,0.0,560.0
2006-05-02,0.0,1020.0
2006-05-03,0.0,950.0
2006-05-04,12.66,595.0
2006-05-05,1.03,401.0
2006-05-06,26.7,429.0
2006-05-07,4.17,850.0
2006-05-08,4.41,1300.0
2006-05-09,18.37,1260.0
2006-05-10,23.88,2170.0
2006-05-11,0.0,3800.0
2006-05-12,0.0,4050.0
2006-05-13,0.0,4090.0
2006-05-14,4.9,3250.0
2006-05-15,0.0,1870.0
2006-05-16,0.0,861.0
2006-05-17,0.0,576.0
2006-05-18,0.0,468.0
2006-05-19,0.0,398.0
2006-05-20,0.0,351.0
2006-05-21,0.0,316.0
2006-05-22,0.0,287.0
2006-05-23,0.0,267.0
2006-05-24,0.0,247.0
2006-05-25,0.0,231.0
2006-05-26,0.0,219.0
2006-05-27,0.0,206.0
2006-05-28,0.34,194.0
2006-05-29,3.69,187.0
2006-05-30,0.0,187.0
2006-05-31,0.0,243.0
2006-06-01,0.26,208.0
2006-06-02,0.6,181.0
2006-06-03,0.0,167.0
2006-06-04,0.37,157.0
2006-06-05,0.0,151.0
2006-06-06,0.0,145.0
2006-06-07,0.0,140.0
2006-06-08,0.0,137.0
2006-06-09,0.0,133.0
2006-06-10,0.0,129.0
2006-06-11,0.0,124.0
2006-06-12,0.04,122.0
2006-06-13,0.0,118.0
2006-06-14,0.0,114.0
2006-06-15,0.0,112.0
2006-06-16,1.26,111.0
2006-06-17,6.5,113.0
2006-06-18,1.94,112.0
2006-06-19,4.63,110.0
2006-06-20,0.0,110.0
2006-06-21,0.0,116.0
2006-06-22,0.0,113.0
2006-06-23,25.13,109.0
2006-06-24,5.72,104.0
2006-06-25,0.0,103.0
2006-06-26,0.0,101.0
2006-06-27,0.0,98.2
2006-06-28,0.0,95.5
2006-06-29,0.0,93.9
2006-06-30,0.0,92.6
2006-07-01,0.0,92.6
2006-07-02,0.0,93.2
2006-07-03,0.0,92.3
2006-07-04,0.86,92.3
2006-07-05,11.54,92.7
2006-07-06,2.3,113.0
2006-07-07,0.0,112.0
2006-07-08,0.0,103.0
2006-07-09,2.8,98.5
2006-07-10,0.0,94.6
2006-07-11,0.0,91.2
2006-07-12,0.0,88.5
2006-07-13,0.0,86.6
2006-07-14,0.0,85.1
2006-07-15,5.2,84.5
2006-07-16,0.0,84.6
2006-07-17,0.0,85.3
2006-07-18,4.48,87.1
2006-07-19,11.65,99.6
2006-07-20,0.0,119.0
2006-07-21,0.65,110.0
2006-07-22,18.81,110.0
2006-07-23,0.0,126.0
2006-07-24,0.0,125.0
2006-07-25,0.0,112.0
2006-07-26,0.0,100.0
2006-07-27,0.34,95.5
2006-07-28,3.28,92.8
2006-07-29,0.15,90.0
2006-07-30,3.54,94.8
2006-07-31,3.34,107.0
2006-08-01,0.09,97.0
2006-08-02,0.03,105.0
2006-08-03,0.45,102.0
2006-08-04,0.0,94.8
2006-08-05,8.3,96.9
2006-08-06,0.05,100.0
2006-08-07,0.0,91.2
2006-08-08,7.14,91.7
2006-08-09,13.01,93.3
2006-08-10,6.96,96.6
2006-08-11,0.0,95.0
2006-08-12,0.67,91.1
2006-08-13,3.21,102.0
2006-08-14,1.26,175.0
2006-08-15,3.49,135.0
2006-08-16,0.0,114.0
2006-08-17,0.88,98.6
2006-08-18,0.0,93.5
2006-08-19,0.0,86.9
2006-08-20,0.0,82.6
2006-08-21,3.53,80.6
2006-08-22,0.0,81.8
2006-08-23,1.46,86.0
2006-08-24,2.94,106.0
2006-08-25,0.0,108.0
2006-08-26,5.46,92.5
2006-08-27,0.0,107.0
2006-08-28,0.0,104.0
2006-08-29,4.69,97.4
2006-08-30,3.99,94.6
2006-08-31,0.0,89.0
2006-09-01,0.0,83.4
2006-09-02,0.0,80.6
2006-09-03,0.0,79.0
2006-09-04,0.0,77.3
2006-09-05,0.0,75.6
2006-09-06,0.0,75.0
2006-09-07,0.0,73.8
2006-09-08,0.0,73.2
2006-09-09,0.0,72.5
2006-09-10,0.0,72.7
2006-09-11,5.04,73.3
2006-09-12,10.9,79.0
2006-09-13,0.0,94.1
2006-09-14,0.0,85.6
2006-09-15,0.0,79.7
2006-09-16,0.0,77.4
2006-09-17,9.88,75.6
2006-09-18,23.71,91.8
2006-09-19,0.0,164.0
2006-09-20,0.0,132.0
2006-09-21,0.35,101.0
2006-09-22,4.1,90.1
2006-09-23,9.05,87.1
2006-09-24,0.01,94.2
2006-09-25,0.0,108.0
2006-09-26,0.0,122.0
2006-09-27,0.0,100.0
2006-09-28,0.0,89.3
2006-09-29,0.0,82.9
2006-09-30,0.0,79.8
2006-10-01,0.0,78.7
2006-10-02,0.34,78.5
2006-10-03,2.21,77.0
2006-10-04,0.0,78.7
2006-10-05,0.0,76.9
2006-10-06,0.0,74.3
2006-10-07,0.0,72.5
2006-10-08,0.0,71.9
2006-10-09,0.0,71.7
2006-10-10,0.0,71.4
2006-10-11,0.0,72.0
2006-10-12,2.1,71.7
2006-10-13,0.0,71.8
2006-10-14,0.0,69.8
2006-10-15,2.76,72.1
2006-10-16,64.83,79.2
2006-10-17,0.0,158.0
2006-10-18,2.97,170.0
2006-10-19,6.63,145.0
2006-10-20,0.0,173.0
2006-10-21,8.28,198.0
2006-10-22,0.0,174.0
2006-10-23,0.0,153.0
2006-10-24,0.0,136.0
2006-10-25,15.21,123.0
2006-10-26,60.42,118.0
2006-10-27,13.0,406.0
2006-10-28,0.0,667.0
2006-10-29,0.0,1260.0
2006-10-30,0.0,740.0
2006-10-31,0.0,405.0
2006-11-01,6.77,280.0
2006-11-02,0.0,220.0
2006-11-03,0.0,180.0
2006-11-04,0.0,165.0
2006-11-05,0.0,160.0
2006-11-06,34.47,230.0
2006-11-07,0.0,405.0
2006-11-08,0.0,475.0
2006-11-09,0.0,559.0
2006-11-10,0.68,418.0
2006-11-11,0.0,312.0
2006-11-12,0.0,236.0
2006-11-13,0.0,195.0
2006-11-14,37.72,183.0
2006-11-15,5.15,705.0
2006-11-16,0.0,357.0
2006-11-17,0.0,254.0
2006-11-18,0.0,249.0
2006-11-19,0.0,247.0
2006-11-20,0.0,216.0
2006-11-21,0.0,190.0
2006-11-22,0.0,181.0
2006-11-23,0.0,171.0
2006-11-24,0.0,163.0
2006-11-25,0.0,157.0
2006-11-26,0.0,151.0
2006-11-27,0.0,147.0
2006-11-28,0.0,146.0
2006-11-29,0.0,145.0
2006-11-30,13.77,149.0
2006-12-01,0.0,165.0
2006-12-02,0.0,183.0
2006-12-03,0.0,182.0
2006-12-04,0.0,178.0
2006-12-05,0.0,177.0
2006-12-06,0.0,168.0
2006-12-07,0.0,155.0
2006-12-08,0.0,146.0
2006-12-09,0.0,140.0
2006-12-10,0.0,138.0
2006-12-11,0.0,137.0
2006-12-12,33.27,257.0
2006-12-13,0.0,679.0
2006-12-14,0.0,603.0
2006-12-15,0.0,652.0
2006-12-16,0.0,519.0
2006-12-17,0.0,393.0
2006-12-18,0.0,311.0
2006-12-19,0.0,264.0
2006-12-20,8.74,238.0
2006-12-21,15.9,257.0
2006-12-22,0.98,367.0
2006-12-23,0.0,442.0
2006-12-24,16.83,395.0
2006-12-25,4.34,532.0
2006-12-26,0.0,622.0
2006-12-27,0.0,811.0
2006-12-28,0.0,725.0
2006-12-29,0.0,526.0
2006-12-30,67.83,545.0
2006-12-31,0.0,4580.0
2007-01-01,0.0,4900.0
2007-01-02,0.0,5470.0
2007-01-03,0.0,5400.0
2007-01-04,32.28,2970.0
2007-01-05,0.0,2640.0
2007-01-06,5.82,3220.0
2007-01-07,12.91,3710.0
2007-01-08,0.0,3690.0
2007-01-09,0.0,3200.0
2007-01-10,0.0,2170.0
2007-01-11,0.0,1300.0
2007-01-12,0.0,892.0
2007-01-13,0.0,732.0
2007-01-14,0.0,645.0
2007-01-15,10.66,592.0
2007-01-16,2.12,678.0
2007-01-17,2.27,749.0
2007-01-18,5.77,705.0
2007-01-19,0.0,687.0
2007-01-20,1.25,689.0
2007-01-21,21.67,780.0
2007-01-22,0.0,1300.0
2007-01-23,0.18,1370.0
2007-01-24,0.0,1310.0
2007-01-25,0.0,955.0
2007-01-26,0.0,728.0
2007-01-27,10.3,621.0
2007-01-28,0.0,649.0
2007-01-29,0.0,682.0
2007-01-30,0.0,712.0
2007-01-31,21.11,645.0
2007-02-01,6.42,868.0
2007-02-02,0.0,1960.0
2007-02-03,0.0,2410.0
2007-02-04,0.0,1990.0
2007-02-05,0.0,1270.0
2007-02-06,0.0,795.0
2007-02-07,0.0,641.0
2007-02-08,3.49,555.0
2007-02-09,3.68,507.0
2007-02-10,0.0,486.0
2007-02-11,0.0,476.0
2007-02-12,17.04,478.0
2007-02-13,2.46,843.0
2007-02-14,0.0,1210.0
2007-02-15,0.0,1330.0
2007-02-16,0.0,987.0
2007-02-17,0.0,671.0
2007-02-18,0.0,550.0
2007-02-19,0.0,473.0
2007-02-20,0.84,426.0
2007-02-21,0.0,399.0
2007-02-22,0.0,377.0
2007-02-23,0.0,356.0
2007-02-24,14.49,338.0
2007-02-25,0.0,426.0
2007-02-26,0.0,541.0
2007-02-27,0.0,541.0
2007-02-28,0.0,480.0
2007-03-01,5.7,414.0
2007-03-02,0.0,374.0
2007-03-03,0.0,391.0
2007-03-04,0.0,363.0
2007-03-05,0.0,343.0
2007-03-06,0.0,312.0
2007-03-07,0.0,286.0
2007-03-08,0.0,267.0
2007-03-09,0.0,254.0
2007-03-10,0.0,246.0
2007-03-11,0.0,236.0
2007-03-12,0.0,227.0
2007-03-13,0.0,222.0
2007-03-14,4.03,221.0
2007-03-15,3.3,225.0
2007-03-16,0.0,228.0
2007-03-17,0.0,223.0
2007-03-18,0.0,214.0
2007-03-19,0.0,207.0
2007-03-20,0.0,198.0
2007-03-21,0.0,192.0
2007-03-22,0.0,186.0
2007-03-23,0.0,182.0
2007-03-24,0.0,180.0
2007-03-25,0.0,175.0
2007-03-26,0.0,172.0
2007-03-27,0.0,169.0
2007-03-28,0.02,166.0
2007-03-29,0.0,162.0
2007-03-30,0.0,159.0
2007-03-31,12.3,159.0
2007-04-01,8.65,264.0
2007-04-02,0.0,317.0
2007-04-03,8.55,281.0
2007-04-04,0.36,245.0
2007-04-05,0.0,241.0
2007-04-06,0.0,225.0
2007-04-07,0.0,194.0
2007-04-08,0.0,178.0
2007-04-09,0.0,174.0
2007-04-10,7.84,172.0
2007-04-11,1.43,187.0
2007-04-12,0.0,195.0
2007-04-13,0.03,174.0
2007-04-14,10.76,210.0
2007-04-15,0.0,190.0
2007-04-16,0.0,160.0
2007-04-17,3.16,149.0
2007-04-18,2.4,146.0
2007-04-19,0.0,147.0
2007-04-20,0.0,142.0
2007-04-21,0.0,137.0
2007-04-22,0.0,133.0
2007-04-23,0.0,130.0
2007-04-24,0.0,129.0
2007-04-25,36.02,132.0
2007-04-26,0.0,291.0
2007-04-27,0.0,367.0
2007-04-28,0.0,276.0
2007-04-29,0.0,221.0
2007-04-30,0.0,186.0
2007-05-01,0.0,161.0
2007-05-02,0.01,145.0
2007-05-03,21.68,138.0
2007-05-04,2.24,153.0
2007-05-05,0.0,215.0
2007-05-06,0.0,225.0
2007-05-07,0.0,199.0
2007-05-08,0.0,167.0
2007-05-09,0.0,150.0
2007-05-10,0.02,138.0
2007-05-11,0.0,129.0
2007-05-12,0.0,122.0
2007-05-13,0.0,116.0
2007-05-14,0.0,112.0
2007-05-15,12.34,109.0
2007-05-16,13.34,113.0
2007-05-17,0.0,117.0
2007-05-18,0.0,138.0
2007-05-19,0.0,140.0
2007-05-20,0.0,119.0
2007-05-21,0.0,109.0
2007-05-22,0.0,105.0
2007-05-23,0.0,100.0
2007-05-24,0.0,96.3
2007-05-25,0.0,93.7
2007-05-26,0.0,92.0
2007-05-27,0.0,90.6
2007-05-28,0.0,90.0
2007-05-29,6.89,88.9
2007-05-30,4.55,92.7
2007-05-31,0.0,103.0
2007-06-01,0.0,99.4
2007-06-02,6.17,99.5
2007-06-03,0.63,102.0
2007-06-04,0.0,101.0
2007-06-05,0.0,95.9
2007-06-06,0.0,92.7
2007-06-07,0.0,92.1
2007-06-08,1.25,88.5
2007-06-09,4.4,89.5
2007-06-10,0.0,92.0
2007-06-11,0.0,92.0
2007-06-12,0.0,88.2
2007-06-13,0.0,80.0
2007-06-14,0.0,75.9
2007-06-15,10.21,75.5
2007-06-16,0.0,84.9
2007-06-17,0.0,83.8
2007-06-18,11.05,83.4
2007-06-19,22.11,99.6
2007-06-20,0.0,94.5
2007-06-21,0.0,88.9
2007-06-22,0.0,82.0
2007-06-23,0.0,76.7
2007-06-24,3.34,76.6
2007-06-25,0.0,76.7
2007-06-26,1.34,75.0
2007-06-27,4.38,75.9
2007-06-28,0.0,76.3
2007-06-29,0.0,72.9
2007-06-30,0.22,71.8
2007-07-01,11.0,69.4
2007-07-02,0.14,73.3
2007-07-03,15.56,77.6
2007-07-04,5.44,84.7
2007-07-05,12.23,99.0
2007-07-06,22.78,128.0
2007-07-07,23.43,172.0
2007-07-08,0.05,210.0
2007-07-09,7.78,165.0
2007-07-10,11.64,177.0
2007-07-11,5.64,182.0
2007-07-12,13.69,180.0
2007-07-13,9.09,181.0
2007-07-14,11.82,170.0
2007-07-15,8.81,172.0
2007-07-16,0.0,187.0
2007-07-17,7.68,190.0
2007-07-18,0.0,224.0
2007-07-19,0.0,308.0
2007-07-20,12.91,279.0
2007-07-21,4.68,175.0
2007-07-22,0.0,131.0
2007-07-23,2.06,114.0
2007-07-24,0.57,102.0
2007-07-25,0.0,93.6
2007-07-26,0.0,92.3
2007-07-27,0.0,87.3
2007-07-28,0.0,82.6
2007-07-29,0.0,80.1
2007-07-30,26.24,84.7
2007-07-31,0.0,92.8
2007-08-01,7.21,96.5
2007-08-02,1.34,97.6
2007-08-03,0.0,93.1
2007-08-04,0.1,87.6
2007-08-05,0.0,87.7
2007-08-06,2.09,78.6
2007-08-07,0.0,80.3
2007-08-08,0.0,77.3
2007-08-09,0.0,82.4
2007-08-10,0.0,82.1
2007-08-11,0.0,72.2
2007-08-12,0.0,66.4
2007-08-13,0.0,64.2
2007-08-14,0.0,62.0
2007-08-15,0.0,60.7
2007-08-16,0.0,59.1
2007-08-17,0.06,57.9
2007-08-18,0.0,57.1
2007-08-19,2.03,56.4
2007-08-20,0.0,57.5
2007-08-21,0.0,57.1
2007-08-22,0.0,56.1
2007-08-23,0.0,54.3
2007-08-24,5.71,53.3
2007-08-25,26.52,57.9
2007-08-26,1.84,99.4
2007-08-27,8.64,139.0
2007-08-28,0.0,162.0
2007-08-29,1.32,175.0
2007-08-30,27.6,143.0
2007-08-31,14.38,209.0
2007-09-01,5.59,242.0
2007-09-02,8.11,200.0
2007-09-03,4.17,177.0
2007-09-04,0.0,153.0
2007-09-05,0.0,122.0
2007-09-06,0.0,102.0
2007-09-07,5.61,89.9
2007-09-08,0.0,87.2
2007-09-09,0.0,77.7
2007-09-10,0.0,78.2
2007-09-11,20.92,97.6
2007-09-12,0.0,162.0
2007-09-13,14.03,135.0
2007-09-14,3.47,190.0
2007-09-15,0.0,159.0
2007-09-16,0.0,112.0
2007-09-17,0.0,92.9
2007-09-18,0.0,82.5
2007-09-19,0.0,75.4
2007-09-20,0.0,69.8
2007-09-21,0.74,66.1
2007-09-22,6.56,66.7
2007-09-23,15.54,80.2
2007-09-24,2.84,210.0
2007-09-25,0.0,163.0
2007-09-26,0.0,116.0
2007-09-27,1.46,104.0
2007-09-28,0.0,90.5
2007-09-29,0.0,82.1
2007-09-30,0.0,75.0
2007-10-01,0.0,70.8
2007-10-02,0.0,68.7
2007-10-03,0.0,68.1
2007-10-04,0.0,67.0
2007-10-05,0.0,67.1
2007-10-06,0.0,67.4
2007-10-07,0.0,66.6
2007-10-08,0.0,66.4
2007-10-09,4.92,66.6
2007-10-10,0.0,67.1
2007-10-11,0.0,72.2
2007-10-12,0.0,70.3
2007-10-13,0.0,68.1
2007-10-14,0.0,66.1
2007-10-15,0.25,65.7
2007-10-16,0.0,64.5
2007-10-17,12.89,65.4
2007-10-18,6.06,72.1
2007-10-19,0.0,96.4
2007-10-20,0.0,89.5
2007-10-21,0.98,75.5
2007-10-22,35.0,77.0
2007-10-23,4.27,135.0
2007-10-24,6.22,152.0
2007-10-25,1.98,133.0
2007-10-26,0.0,119.0
2007-10-27,0.0,107.0
2007-10-28,0.0,96.2
2007-10-29,0.0,90.0
2007-10-30,0.0,85.6
2007-10-31,0.0,82.3
2007-11-01,0.0,79.4
2007-11-02,0.0,77.1
2007-11-03,0.0,74.6
2007-11-04,0.0,72.4
2007-11-05,0.0,71.3
2007-11-06,0.0,69.9
2007-11-07,0.0,68.0
2007-11-08,0.0,66.4
2007-11-09,0.0,67.0
2007-11-10,0.0,69.0
2007-11-11,0.0,69.7
2007-11-12,0.0,69.5
2007-11-13,0.0,69.8
2007-11-14,4.97,70.3
2007-11-15,0.0,69.6
2007-11-16,0.0,68.8
2007-11-17,0.0,68.4
2007-11-18,7.06,70.3
2007-11-19,0.0,71.7
2007-11-20,0.0,72.1
2007-11-21,3.79,74.9
2007-11-22,0.44,73.5
2007-11-23,0.0,74.7
2007-11-24,3.84,73.8
2007-11-25,33.35,76.9
2007-11-26,2.54,111.0
2007-11-27,0.0,151.0
2007-11-28,0.0,185.0
2007-11-29,0.0,175.0
2007-11-30,0.0,131.0
2007-12-01,0.0,112.0
2007-12-02,1.85,104.0
2007-12-03,0.0,94.9
2007-12-04,0.0,87.8
2007-12-05,0.0,83.8
2007-12-06,0.0,83.0
2007-12-07,0.0,83.2
2007-12-08,4.58,82.6
2007-12-09,0.01,88.1
2007-12-10,0.0,93.4
2007-12-11,0.03,92.2
2007-12-12,0.01,89.8
2007-12-13,1.36,89.2
2007-12-14,0.02,88.9
2007-12-15,8.0,87.0
2007-12-16,0.0,85.5
2007-12-17,0.0,89.7
2007-12-18,0.0,90.0
2007-12-19,5.05,89.8
2007-12-20,54.13,134.0
2007-12-21,0.0,345.0
2007-12-22,16.07,554.0
2007-12-23,0.0,597.0
2007-12-24,0.0,481.0
2007-12-25,0.0,328.0
2007-12-26,7.07,246.0
2007-12-27,10.49,210.0
2007-12-28,7.87,191.0
2007-12-29,11.88,229.0
2007-12-30,0.14,375.0
2007-12-31,0.0,474.0
2008-01-01,0.0,392.0
2008-01-02,0.0,303.0
2008-01-03,0.0,233.0
2008-01-04,0.0,197.0
2008-01-05,0.01,172.0
2008-01-06,0.0,156.0
2008-01-07,0.0,145.0
2008-01-08,14.34,137.0
2008-01-09,3.52,149.0
2008-01-10,17.45,424.0
2008-01-11,0.0,688.0
2008-01-12,0.0,597.0
2008-01-13,0.0,509.0
2008-01-14,0.0,362.0
2008-01-15,2.09,274.0
2008-01-16,12.83,238.0
2008-01-17,0.0,284.0
2008-01-18,6.71,291.0
2008-01-19,9.04,296.0
2008-01-20,0.0,352.0
2008-01-21,1.41,360.0
2008-01-22,4.23,354.0
2008-01-23,4.21,332.0
2008-01-24,1.07,312.0
2008-01-25,21.11,321.0
2008-01-26,5.33,537.0
2008-01-27,0.0,910.0
2008-01-28,0.0,1170.0
2008-01-29,15.24,877.0
2008-01-30,0.0,955.0
2008-01-31,26.2,1090.0
2008-02-01,0.0,1640.0
2008-02-02,0.0,1630.0
2008-02-03,5.14,1410.0
2008-02-04,0.0,893.0
2008-02-05,11.12,636.0
2008-02-06,0.0,668.0
2008-02-07,0.0,750.0
2008-02-08,0.0,828.0
2008-02-09,0.0,664.0
2008-02-10,0.0,440.0
2008-02-11,0.0,342.0
2008-02-12,20.8,305.0
2008-02-13,0.0,670.0
2008-02-14,0.0,904.0
2008-02-15,1.07,900.0
2008-02-16,16.31,611.0
2008-02-17,6.72,583.0
2008-02-18,0.0,841.0
2008-02-19,0.0,915.0
2008-02-20,15.88,749.0
2008-02-21,57.99,538.0
2008-02-22,0.91,3450.0
2008-02-23,0.0,7820.0
2008-02-24,0.0,10900.0
2008-02-25,12.01,11900.0
2008-02-26,0.0,5490.0
2008-02-27,0.0,3130.0
2008-02-28,0.0,1880.0
2008-02-29,0.8,1160.0
2008-03-01,0.0,883.0
2008-03-02,0.0,744.0
2008-03-03,51.92,662.0
2008-03-04,1.95,4870.0
2008-03-05,0.0,6770.0
2008-03-06,19.1,6550.0
2008-03-07,4.21,5150.0
2008-03-08,0.0,3790.0
2008-03-09,0.0,3040.0
2008-03-10,7.14,1980.0
2008-03-11,0.01,1180.0
2008-03-12,0.0,973.0
2008-03-13,0.03,899.0
2008-03-14,0.0,812.0
2008-03-15,0.0,666.0
2008-03-16,0.0,568.0
2008-03-17,0.0,488.0
2008-03-18,14.44,435.0
2008-03-19,0.0,446.0
2008-03-20,0.0,568.0
2008-03-21,0.0,653.0
2008-03-22,0.0,636.0
2008-03-23,0.0,481.0
2008-03-24,0.0,397.0
2008-03-25,0.0,347.0
2008-03-26,0.0,314.0
2008-03-27,0.0,292.0
2008-03-28,0.0,280.0
2008-03-29,2.06,267.0
2008-03-30,0.0,257.0
2008-03-31,8.97,246.0
2008-04-01,22.81,298.0
2008-04-02,0.66,604.0
2008-04-03,0.0,793.0
2008-04-04,16.78,702.0
2008-04-05,4.27,565.0
2008-04-06,0.0,563.0
2008-04-07,0.0,918.0
2008-04-08,0.0,762.0
2008-04-09,0.0,494.0
2008-04-10,0.0,371.0
2008-04-11,6.26,312.0
2008-04-12,0.0,281.0
2008-04-13,0.0,250.0
2008-04-14,0.0,219.0
2008-04-15,0.0,200.0
2008-04-16,0.0,187.0
2008-04-17,0.0,177.0
2008-04-18,16.97,170.0
2008-04-19,0.0,182.0
2008-04-20,0.0,187.0
2008-04-21,0.0,386.0
2008-04-22,0.18,254.0
2008-04-23,0.0,200.0
2008-04-24,0.0,168.0
2008-04-25,0.0,146.0
2008-04-26,27.21,141.0
2008-04-27,12.04,346.0
2008-04-28,0.0,804.0
2008-04-29,0.0,536.0
2008-04-30,0.0,466.0
2008-05-01,0.0,378.0
2008-05-02,28.55,297.0
2008-05-03,0.8,300.0
2008-05-04,0.0,463.0
2008-05-05,0.0,731.0
2008-05-06,0.0,537.0
2008-05-07,0.0,349.0
2008-05-08,0.19,271.0
2008-05-09,0.0,231.0
2008-05-10,0.0,210.0
2008-05-11,0.0,186.0
2008-05-12,0.0,172.0
2008-05-13,0.14,160.0
2008-05-14,46.88,154.0
2008-05-15,43.46,537.0
2008-05-16,0.0,3470.0
2008-05-17,0.0,6510.0
2008-05-18,0.0,7470.0
2008-05-19,0.0,3010.0
2008-05-20,0.0,1190.0
2008-05-21,0.0,586.0
2008-05-22,17.96,414.0
2008-05-23,0.62,432.0
2008-05-24,2.35,736.0
2008-05-25,0.0,1110.0
2008-05-26,5.14,1320.0
2008-05-27,0.0,1610.0
2008-05-28,0.15,1140.0
2008-05-29,1.1,731.0
2008-05-30,0.0,505.0
2008-05-31,0.0,323.0
2008-06-01,3.61,301.0
2008-06-02,0.0,325.0
2008-06-03,0.0,251.0
2008-06-04,0.0,209.0
2008-06-05,0.0,181.0
2008-06-06,0.0,161.0
2008-06-07,0.0,148.0
2008-06-08,0.0,137.0
2008-06-09,9.03,130.0
2008-06-10,0.03,124.0
2008-06-11,0.0,121.0
2008-06-12,0.0,116.0
2008-06-13,1.14,113.0
2008-06-14,6.67,114.0
2008-06-15,2.81,146.0
2008-06-16,0.02,124.0
2008-06-17,6.6,120.0
2008-06-18,0.0,128.0
2008-06-19,0.0,117.0
2008-06-20,12.63,107.0
2008-06-21,2.32,146.0
2008-06-22,0.0,198.0
2008-06-23,0.0,156.0
2008-06-24,0.0,126.0
2008-06-25,7.55,124.0
2008-06-26,3.17,222.0
2008-06-27,19.13,124.0
2008-06-28,10.78,108.0
2008-06-29,2.34,126.0
2008-06-30,0.0,117.0
2008-07-01,0.0,106.0
2008-07-02,0.0,98.3
2008-07-03,0.0,95.4
2008-07-04,0.83,88.5
2008-07-05,2.07,82.9
2008-07-06,17.94,80.1
2008-07-07,0.0,170.0
2008-07-08,0.0,132.0
2008-07-09,7.24,106.0
2008-07-10,7.66,112.0
2008-07-11,0.0,107.0
2008-07-12,0.0,94.0
2008-07-13,0.0,82.7
2008-07-14,0.0,76.8
2008-07-15,0.0,72.5
2008-07-16,0.0,69.9
2008-07-17,0.0,68.3
2008-07-18,0.0,68.4
2008-07-19,0.0,67.2
2008-07-20,0.0,66.2
2008-07-21,0.0,64.3
2008-07-22,0.0,63.0
2008-07-23,8.92,60.3
2008-07-24,4.49,68.9
2008-07-25,5.3,75.7
2008-07-26,10.01,92.9
2008-07-27,6.05,87.1
2008-07-28,0.0,76.5
2008-07-29,0.27,82.1
2008-07-30,1.74,74.5
2008-07-31,7.14,74.9
2008-08-01,0.73,74.9
2008-08-02,7.12,70.9
2008-08-03,0.14,103.0
2008-08-04,0.0,90.4
2008-08-05,0.0,77.1
2008-08-06,0.0,67.4
2008-08-07,10.23,65.6
2008-08-08,0.0,76.8
2008-08-09,0.0,65.5
2008-08-10,13.82,62.2
2008-08-11,12.08,71.6
2008-08-12,51.85,107.0
2008-08-13,0.64,385.0
2008-08-14,0.0,261.0
2008-08-15,20.75,161.0
2008-08-16,5.34,125.0
2008-08-17,3.81,215.0
2008-08-18,0.0,240.0
2008-08-19,20.97,174.0
2008-08-20,15.99,190.0
2008-08-21,7.63,173.0
2008-08-22,0.0,146.0
2008-08-23,30.62,164.0
2008-08-24,21.77,292.0
2008-08-25,8.77,431.0
2008-08-26,0.62,653.0
2008-08-27,0.0,768.0
2008-08-28,0.12,521.0
2008-08-29,0.0,321.0
2008-08-30,0.0,221.0
2008-08-31,6.97,166.0
2008-09-01,67.6,158.0
2008-09-02,48.94,3070.0
2008-09-03,1.2,7830.0
2008-09-04,16.18,7040.0
2008-09-05,0.05,6650.0
2008-09-06,0.0,4160.0
2008-09-07,0.0,2810.0
2008-09-08,5.78,1530.0
2008-09-09,0.0,1200.0
2008-09-10,0.0,832.0
2008-09-11,0.96,676.0
2008-09-12,2.86,528.0
2008-09-13,0.0,426.0
2008-09-14,7.49,359.0
2008-09-15,0.0,318.0
2008-09-16,0.0,288.0
2008-09-17,0.0,263.0
2008-09-18,0.0,243.0
2008-09-19,12.97,230.0
2008-09-20,19.47,245.0
2008-09-21,0.0,537.0
2008-09-22,0.0,1730.0
2008-09-23,0.0,1250.0
2008-09-24,0.0,589.0
2008-09-25,0.0,361.0
2008-09-26,0.0,282.0
2008-09-27,0.0,237.0
2008-09-28,0.0,206.0
2008-09-29,0.0,185.0
2008-09-30,0.0,169.0
2008-10-01,0.0,157.0
2008-10-02,0.0,146.0
2008-10-03,0.0,138.0
2008-10-04,0.0,131.0
2008-10-05,0.0,126.0
2008-10-06,5.62,121.0
2008-10-07,25.59,122.0
2008-10-08,1.56,138.0
2008-10-09,0.0,289.0
2008-10-10,0.0,242.0
2008-10-11,0.0,220.0
2008-10-12,0.02,173.0
2008-10-13,0.0,148.0
2008-10-14,0.0,133.0
2008-10-15,0.0,124.0
2008-10-16,0.79,118.0
2008-10-17,7.28,121.0
2008-10-18,0.0,128.0
2008-10-19,0.0,122.0
2008-10-20,0.0,114.0
2008-10-21,0.0,109.0
2008-10-22,6.11,105.0
2008-10-23,5.26,106.0
2008-10-24,1.35,112.0
2008-10-25,0.0,118.0
2008-10-26,0.0,113.0
2008-10-27,0.0,105.0
2008-10-28,0.0,99.5
2008-10-29,0.0,96.1
2008-10-30,0.0,95.2
2008-10-31,0.0,95.5
2008-11-01,0.0,94.8
2008-11-02,0.0,93.8
2008-11-03,0.0,92.3
2008-11-04,0.0,91.6
2008-11-05,0.0,91.2
2008-11-06,1.7,90.4
2008-11-07,0.08,90.3
2008-11-08,0.0,88.4
2008-11-09,0.0,86.5
2008-11-10,0.0,85.3
2008-11-11,0.53,85.3
2008-11-12,17.48,97.0
2008-11-13,0.0,148.0
2008-11-14,8.34,133.0
2008-11-15,0.0,124.0
2008-11-16,0.0,129.0
2008-11-17,0.0,123.0
2008-11-18,0.0,113.0
2008-11-19,0.0,107.0
2008-11-20,0.0,102.0
2008-11-21,0.0,98.8
2008-11-22,0.59,97.4
2008-11-23,0.19,98.1
2008-11-24,11.34,102.0
2008-11-25,0.0,114.0
2008-11-26,0.0,128.0
2008-11-27,20.16,128.0
2008-11-28,69.87,180.0
2008-11-29,8.07,3090.0
2008-11-30,0.0,2930.0
2008-12-01,0.0,2030.0
2008-12-02,0.0,1300.0
2008-12-03,22.19,627.0
2008-12-04,5.06,514.0
2008-12-05,0.0,741.0
2008-12-06,0.0,930.0
2008-12-07,0.0,752.0
2008-12-08,0.0,530.0
2008-12-09,54.28,424.0
2008-12-10,48.72,3550.0
2008-12-11,20.87,8320.0
2008-12-12,0.0,10200.0
2008-12-13,0.0,11500.0
2008-12-14,0.0,10100.0
2008-12-15,12.23,4970.0
2008-12-16,2.02,2860.0
2008-12-17,0.0,2760.0
2008-12-18,0.0,2680.0
2008-12-19,0.0,2220.0
2008-12-20,0.0,1380.0
2008-12-21,0.0,949.0
2008-12-22,0.0,774.0
2008-12-23,1.88,654.0
2008-12-24,15.28,587.0
2008-12-25,2.51,561.0
2008-12-26,0.17,687.0
2008-12-27,13.98,979.0
2008-12-28,5.43,901.0
2008-12-29,0.0,1060.0
2008-12-30,0.0,1370.0
2008-12-31,0.0,1060.0
2009-01-01,0.0,728.0
2009-01-02,0.29,593.0
2009-01-03,16.01,567.0
2009-01-04,11.82,736.0
2009-01-05,12.66,1530.0
2009-01-06,46.35,2220.0
2009-01-07,0.0,5990.0
2009-01-08,0.0,6180.0
2009-01-09,0.53,7650.0
2009-01-10,6.92,4910.0
2009-01-11,0.0,2820.0
2009-01-12,0.0,1850.0
2009-01-13,0.0,1130.0
2009-01-14,0.0,881.0
2009-01-15,0.0,738.0
2009-01-16,0.0,642.0
2009-01-17,3.03,578.0
2009-01-18,0.0,558.0
2009-01-19,0.0,580.0
2009-01-20,0.0,546.0
2009-01-21,0.0,494.0
2009-01-22,0.0,457.0
2009-01-23,2.09,436.0
2009-01-24,2.93,425.0
2009-01-25,0.0,425.0
2009-01-26,0.0,424.0
2009-01-27,6.21,415.0
2009-01-28,0.87,419.0
2009-01-29,0.0,448.0
2009-01-30,0.0,450.0
2009-01-31,0.0,425.0
2009-02-01,14.7,399.0
2009-02-02,1.38,463.0
2009-02-03,0.0,844.0
2009-02-04,0.0,755.0
2009-02-05,0.0,624.0
2009-02-06,0.0,505.0
2009-02-07,0.0,436.0
2009-02-08,0.0,399.0
2009-02-09,2.37,380.0
2009-02-10,6.0,380.0
2009-02-11,2.65,435.0
2009-02-12,0.0,445.0
2009-02-13,48.68,547.0
2009-02-14,1.73,3500.0
2009-02-15,0.0,4280.0
2009-02-16,0.0,4030.0
2009-02-17,0.66,2770.0
2009-02-18,2.44,1450.0
2009-02-19,0.0,912.0
2009-02-20,0.0,765.0
2009-02-21,2.01,663.0
2009-02-22,0.0,594.0
2009-02-23,0.0,535.0
2009-02-24,0.0,485.0
2009-02-25,0.0,454.0
2009-02-26,0.2,430.0
2009-02-27,7.64,409.0
2009-02-28,1.26,402.0
2009-03-01,0.0,499.0
2009-03-02,0.0,541.0
2009-03-03,0.0,532.0
2009-03-04,0.0,444.0
2009-03-05,0.0,393.0
2009-03-06,0.0,363.0
2009-03-07,0.0,345.0
2009-03-08,0.0,338.0
2009-03-09,0.0,325.0
2009-03-10,0.0,312.0
2009-03-11,0.0,301.0
2009-03-12,4.43,288.0
2009-03-13,37.99,282.0
2009-03-14,19.76,507.0
2009-03-15,22.55,2440.0
2009-03-16,1.57,4460.0
2009-03-17,0.0,5090.0
2009-03-18,0.0,4250.0
2009-03-19,0.0,2940.0
2009-03-20,0.0,1570.0
2009-03-21,0.0,855.0
2009-03-22,0.0,654.0
2009-03-23,0.0,553.0
2009-03-24,10.78,493.0
2009-03-25,66.76,1200.0
2009-03-26,44.19,5340.0
2009-03-27,53.02,9900.0
2009-03-28,0.25,14400.0
2009-03-29,0.0,18700.0
2009-03-30,0.0,17900.0
2009-03-31,3.1,10900.0
2009-04-01,0.0,4360.0
2009-04-02,13.19,2740.0
2009-04-03,0.0,2230.0
2009-04-04,2.32,2550.0
2009-04-05,0.0,2100.0
2009-04-06,0.0,1320.0
2009-04-07,0.0,1000.0
2009-04-08,0.0,852.0
2009-04-09,0.18,751.0
2009-04-10,0.0,681.0
2009-04-11,0.0,618.0
2009-04-12,50.0,610.0
2009-04-13,3.57,3280.0
2009-04-14,0.0,2640.0
2009-04-15,0.0,2440.0
2009-04-16,0.0,1560.0
2009-04-17,1.04,935.0
2009-04-18,3.54,732.0
2009-04-19,2.88,662.0
2009-04-20,0.0,629.0
2009-04-21,0.0,575.0
2009-04-22,0.0,519.0
2009-04-23,0.0,471.0
2009-04-24,0.0,434.0
2009-04-25,0.0,404.0
2009-04-26,0.0,379.0
2009-04-27,0.0,359.0
2009-04-28,2.63,343.0
2009-04-29,0.0,328.0
2009-04-30,2.37,319.0
2009-05-01,0.0,312.0
2009-05-02,0.0,303.0
2009-05-03,30.41,300.0
2009-05-04,0.3,414.0
2009-05-05,1.52,444.0
2009-05-06,13.74,413.0
2009-05-07,0.98,523.0
2009-05-08,0.0,579.0
2009-05-09,0.12,503.0
2009-05-10,30.28,422.0
2009-05-11,1.27,606.0
2009-05-12,3.34,702.0
2009-05-13,0.0,770.0
2009-05-14,1.35,802.0
2009-05-15,0.0,718.0
2009-05-16,27.3,462.0
2009-05-17,4.49,725.0
2009-05-18,0.0,1020.0
2009-05-19,0.0,915.0
2009-05-20,0.0,592.0
2009-05-21,1.94,396.0
2009-05-22,14.14,322.0
2009-05-23,19.0,425.0
2009-05-24,24.76,848.0
2009-05-25,4.68,2450.0
2009-05-26,3.42,4670.0
2009-05-27,0.09,4510.0
2009-05-28,0.0,4170.0
2009-05-29,0.0,2420.0
2009-05-30,0.0,884.0
2009-05-31,0.0,541.0
2009-06-01,0.0,423.0
2009-06-02,0.0,357.0
2009-06-03,0.0,312.0
2009-06-04,28.45,310.0
2009-06-05,0.0,842.0
2009-06-06,0.0,1520.0
2009-06-07,0.0,1310.0
2009-06-08,0.0,776.0
2009-06-09,0.0,507.0
2009-06-10,0.0,342.0
2009-06-11,0.0,283.0
2009-06-12,0.0,250.0
2009-06-13,0.0,229.0
2009-06-14,0.0,211.0
2009-06-15,0.0,198.0
2009-06-16,0.0,186.0
2009-06-17,0.0,175.0
2009-06-18,0.0,166.0
2009-06-19,0.0,158.0
2009-06-20,0.0,149.0
2009-06-21,0.0,143.0
2009-06-22,0.0,137.0
2009-06-23,0.0,130.0
2009-06-24,0.0,123.0
2009-06-25,0.0,117.0
2009-06-26,0.0,113.0
2009-06-27,0.0,109.0
2009-06-28,0.86,105.0
2009-06-29,0.0,101.0
2009-06-30,0.0,96.1
2009-07-01,0.0,93.3
2009-07-02,0.0,91.1
2009-07-03,0.0,89.2
2009-07-04,0.0,87.7
2009-07-05,10.27,85.7
2009-07-06,14.17,89.0
2009-07-07,0.33,96.9
2009-07-08,0.0,117.0
2009-07-09,0.0,107.0
2009-07-10,0.0,95.7
2009-07-11,0.08,91.5
2009-07-12,7.96,92.1
2009-07-13,8.99,95.2
2009-07-14,2.7,128.0
2009-07-15,0.52,117.0
2009-07-16,13.9,119.0
2009-07-17,0.18,129.0
2009-07-18,0.0,151.0
2009-07-19,0.0,111.0
2009-07-20,0.0,98.3
2009-07-21,11.7,95.7
2009-07-22,15.79,101.0
2009-07-23,0.01,119.0
2009-07-24,0.0,128.0
2009-07-25,0.0,115.0
2009-07-26,2.63,105.0
2009-07-27,7.35,102.0
2009-07-28,12.66,124.0
2009-07-29,9.85,117.0
2009-07-30,6.97,129.0
2009-07-31,13.58,143.0
2009-08-01,10.46,197.0
2009-08-02,1.2,211.0
2009-08-03,0.66,200.0
2009-08-04,0.0,164.0
2009-08-05,0.01,156.0
2009-08-06,0.0,124.0
2009-08-07,0.0,117.0
2009-08-08,4.23,106.0
2009-08-09,2.64,104.0
2009-08-10,0.35,102.0
2009-08-11,7.85,107.0
2009-08-12,0.0,104.0
2009-08-13,0.0,109.0
2009-08-14,0.0,105.0
2009-08-15,0.4,94.6
2009-08-16,0.0,91.5
2009-08-17,0.0,87.3
2009-08-18,3.33,88.2
2009-08-19,1.5,87.4
2009-08-20,14.21,86.6
2009-08-21,21.07,118.0
2009-08-22,0.0,237.0
2009-08-23,0.0,144.0
2009-08-24,0.0,119.0
2009-08-25,0.0,105.0
2009-08-26,0.0,98.0
2009-08-27,0.0,93.1
2009-08-28,0.0,90.9
2009-08-29,9.62,86.6
2009-08-30,4.25,83.6
2009-08-31,0.0,108.0
2009-09-01,0.03,105.0
2009-09-02,0.21,98.4
2009-09-03,0.0,89.0
2009-09-04,0.0,85.4
2009-09-05,3.11,83.2
2009-09-06,11.31,88.2
2009-09-07,0.0,110.0
2009-09-08,0.0,95.3
2009-09-09,0.0,89.3
2009-09-10,6.97,83.7
2009-09-11,3.91,84.1
2009-09-12,9.43,91.1
2009-09-13,12.59,94.8
2009-09-14,7.54,115.0
2009-09-15,19.61,114.0
2009-09-16,14.85,110.0
2009-09-17,10.7,279.0
2009-09-18,28.29,278.0
2009-09-19,0.44,384.0
2009-09-20,1.27,265.0
2009-09-21,0.94,208.0
2009-09-22,20.08,163.0
2009-09-23,26.91,199.0
2009-09-24,0.18,560.0
2009-09-25,3.3,759.0
2009-09-26,4.04,655.0
2009-09-27,0.0,475.0
2009-09-28,0.0,309.0
2009-09-29,0.0,233.0
2009-09-30,0.0,196.0
2009-10-01,24.39,173.0
2009-10-02,1.46,196.0
2009-10-03,0.0,230.0
2009-10-04,26.62,226.0
2009-10-05,0.25,346.0
2009-10-06,2.68,559.0
2009-10-07,4.52,745.0
2009-10-08,0.0,503.0
2009-10-09,6.63,372.0
2009-10-10,2.25,304.0
2009-10-11,0.62,262.0
2009-10-12,26.35,249.0
2009-10-13,26.69,504.0
2009-10-14,7.62,1450.0
2009-10-15,12.5,2480.0
2009-10-16,0.0,2930.0
2009-10-17,0.0,2080.0
2009-10-18,0.0,1100.0
2009-10-19,0.0,566.0
2009-10-20,0.0,427.0
2009-10-21,0.0,352.0
2009-10-22,12.37,305.0
2009-10-23,0.27,299.0
2009-10-24,0.0,293.0
2009-10-25,0.0,274.0
2009-10-26,5.88,261.0
2009-10-27,3.26,254.0
2009-10-28,1.96,265.0
2009-10-29,0.0,256.0
2009-10-30,34.44,257.0
2009-10-31,2.24,507.0
2009-11-01,0.0,926.0
2009-11-02,0.0,1220.0
2009-11-03,0.0,845.0
2009-11-04,0.0,442.0
2009-11-05,0.0,308.0
2009-11-06,0.0,244.0
2009-11-07,0.0,210.0
2009-11-08,0.0,191.0
2009-11-09,12.87,176.0
2009-11-10,0.48,199.0
2009-11-11,0.0,253.0
2009-11-12,0.0,236.0
2009-11-13,0.0,211.0
2009-11-14,0.0,195.0
2009-11-15,0.0,183.0
2009-11-16,6.21,170.0
2009-11-17,0.0,166.0
2009-11-18,0.0,165.0
2009-11-19,0.0,163.0
2009-11-20,0.0,163.0
2009-11-21,8.45,163.0
2009-11-22,1.94,185.0
2009-11-23,0.0,196.0
2009-11-24,0.0,187.0
2009-11-25,0.0,180.0
2009-11-26,0.0,174.0
2009-11-27,0.0,165.0
2009-11-28,0.0,158.0
2009-11-29,7.43,155.0
2009-11-30,7.06,164.0
2009-12-01,19.42,191.0
2009-12-02,1.37,340.0
2009-12-03,0.0,471.0
2009-12-04,1.99,570.0
2009-12-05,0.0,470.0
2009-12-06,5.08,348.0
2009-12-07,17.48,332.0
2009-12-08,31.02,561.0
2009-12-09,0.0,925.0
2009-12-10,0.0,2180.0
2009-12-11,12.12,3130.0
2009-12-12,29.81,3190.0
2009-12-13,1.87,3410.0
2009-12-14,40.22,3030.0
2009-12-15,18.13,6120.0
2009-12-16,0.0,6920.0
2009-12-17,37.77,6040.0
2009-12-18,0.0,7250.0
2009-12-19,0.0,6790.0
2009-12-20,0.0,5340.0
2009-12-21,0.0,3790.0
2009-12-22,0.0,2210.0
2009-12-23,5.04,1210.0
2009-12-24,30.76,1290.0
2009-12-25,0.0,3750.0
2009-12-26,0.0,4140.0
2009-12-27,0.0,3500.0
2009-12-28,0.0,2390.0
2009-12-29,0.0,1250.0
2009-12-30,15.52,911.0
2009-12-31,4.26,1240.0
2010-01-01,0.0,1350.0
2010-01-02,0.0,1360.0
2010-01-03,0.0,1060.0
2010-01-04,0.0,853.0
2010-01-05,0.0,719.0
2010-01-06,0.05,637.0
2010-01-07,7.33,601.0
2010-01-08,0.0,665.0
2010-01-09,0.0,656.0
2010-01-10,0.0,616.0
2010-01-11,0.0,573.0
2010-01-12,0.0,521.0
2010-01-13,0.0,503.0
2010-01-14,0.0,481.0
2010-01-15,0.0,463.0
2010-01-16,11.1,458.0
2010-01-17,1.96,567.0
2010-01-18,0.0,650.0
2010-01-19,0.0,702.0
2010-01-20,50.53,656.0
2010-01-21,0.0,2870.0
2010-01-22,0.0,4970.0
2010-01-23,13.1,5080.0
2010-01-24,0.37,4420.0
2010-01-25,0.0,2960.0
2010-01-26,0.0,2410.0
2010-01-27,0.0,1510.0
2010-01-28,0.03,942.0
2010-01-29,31.51,788.0
2010-01-30,0.0,2040.0
2010-01-31,0.0,3480.0
2010-02-01,1.54,3200.0
2010-02-02,0.0,2280.0
2010-02-03,14.22,1380.0
2010-02-04,48.52,1670.0
2010-02-05,1.52,7100.0
2010-02-06,0.0,6770.0
2010-02-07,0.0,7520.0
2010-02-08,13.92,5260.0
2010-02-09,0.0,3210.0
2010-02-10,0.0,2730.0
2010-02-11,8.85,2170.0
2010-02-12,5.56,1590.0
2010-02-13,0.0,1490.0
2010-02-14,11.23,1540.0
2010-02-15,0.02,2220.0
2010-02-16,0.0,2310.0
2010-02-17,0.0,1870.0
2010-02-18,0.0,1310.0
2010-02-19,0.0,1020.0
2010-02-20,0.0,870.0
2010-02-21,12.21,787.0
2010-02-22,0.0,930.0
2010-02-23,5.53,1400.0
2010-02-24,0.0,1210.0
2010-02-25,0.0,1100.0
2010-02-26,4.32,972.0
2010-02-27,0.0,866.0
2010-02-28,0.0,803.0
2010-03-01,39.15,735.0
2010-03-02,3.51,3090.0
2010-03-03,0.0,4560.0
2010-03-04,0.0,4320.0
2010-03-05,0.0,3160.0
2010-03-06,0.0,1740.0
2010-03-07,0.0,1040.0
2010-03-08,2.33,835.0
2010-03-09,39.53,806.0
2010-03-10,15.51,5020.0
2010-03-11,8.17,6590.0
2010-03-12,0.21,7000.0
2010-03-13,0.0,6120.0
2010-03-14,0.0,3710.0
2010-03-15,0.0,1710.0
2010-03-16,0.0,1070.0
2010-03-17,0.07,878.0
2010-03-18,0.0,769.0
2010-03-19,0.0,699.0
2010-03-20,17.08,645.0
2010-03-21,3.4,840.0
2010-03-22,0.05,1270.0
2010-03-23,0.0,1530.0
2010-03-24,1.19,1110.0
2010-03-25,6.0,831.0
2010-03-26,0.0,819.0
2010-03-27,0.0,964.0
2010-03-28,0.0,809.0
2010-03-29,0.0,644.0
2010-03-30,0.0,551.0
2010-03-31,0.0,502.0
2010-04-01,0.0,463.0
2010-04-02,9.36,434.0
2010-04-03,29.0,788.0
2010-04-04,0.0,1980.0
2010-04-05,0.0,2220.0
2010-04-06,0.0,1390.0
2010-04-07,18.78,810.0
2010-04-08,0.0,1000.0
2010-04-09,0.0,2010.0
2010-04-10,0.0,2100.0
2010-04-11,0.0,1290.0
2010-04-12,0.0,674.0
2010-04-13,0.0,528.0
2010-04-14,0.05,451.0
2010-04-15,0.0,404.0
2010-04-16,0.0,370.0
2010-04-17,0.0,344.0
2010-04-18,0.0,325.0
2010-04-19,0.71,306.0
2010-04-20,0.21,293.0
2010-04-21,0.0,284.0
2010-04-22,0.0,271.0
2010-04-23,14.19,263.0
2010-04-24,13.64,401.0
2010-04-25,0.0,726.0
2010-04-26,1.12,1020.0
2010-04-27,0.0,584.0
2010-04-28,0.0,384.0
2010-04-29,0.0,318.0
2010-04-30,3.44,279.0
2010-05-01,5.76,259.0
2010-05-02,25.55,300.0
2010-05-03,0.0,669.0
2010-05-04,0.0,1240.0
2010-05-05,0.0,1190.0
2010-05-06,0.0,623.0
2010-05-07,2.53,394.0
2010-05-08,3.32,314.0
2010-05-09,0.0,272.0
2010-05-10,0.0,245.0
2010-05-11,0.0,226.0
2010-05-12,0.0,211.0
2010-05-13,0.0,201.0
2010-05-14,0.0,192.0
2010-05-15,15.2,186.0
2010-05-16,22.84,258.0
2010-05-17,5.08,434.0
2010-05-18,3.74,618.0
2010-05-19,0.0,664.0
2010-05-20,35.37,413.0
2010-05-21,3.81,876.0
2010-05-22,0.0,1280.0
2010-05-23,0.0,1310.0
2010-05-24,0.0,681.0
2010-05-25,13.51,403.0
2010-05-26,0.0,354.0
2010-05-27,0.0,304.0
2010-05-28,1.93,289.0
2010-05-29,2.91,273.0
2010-05-30,0.51,239.0
2010-05-31,1.63,219.0
2010-06-01,3.68,230.0
2010-06-02,0.34,220.0
2010-06-03,1.11,211.0
2010-06-04,6.31,197.0
2010-06-05,3.65,203.0
2010-06-06,0.0,205.0
2010-06-07,0.0,211.0
2010-06-08,0.0,207.0
2010-06-09,0.0,178.0
2010-06-10,0.0,163.0
2010-06-11,2.88,154.0
2010-06-12,0.0,167.0
2010-06-13,0.0,156.0
2010-06-14,0.0,143.0
2010-06-15,9.24,140.0
2010-06-16,0.0,319.0
2010-06-17,7.81,215.0
2010-06-18,5.06,303.0
2010-06-19,7.03,231.0
2010-06-20,0.0,270.0
2010-06-21,0.0,200.0
2010-06-22,2.0,173.0
2010-06-23,8.04,165.0
2010-06-24,0.0,228.0
2010-06-25,0.0,181.0
2010-06-26,0.0,147.0
2010-06-27,0.0,132.0
2010-06-28,0.93,123.0
2010-06-29,6.55,122.0
2010-06-30,18.75,117.0
2010-07-01,5.48,122.0
2010-07-02,0.05,172.0
2010-07-03,0.0,295.0
2010-07-04,0.0,309.0
2010-07-05,8.03,221.0
2010-07-06,4.71,184.0
2010-07-07,0.0,175.0
2010-07-08,0.07,159.0
2010-07-09,8.08,143.0
2010-07-10,0.47,135.0
2010-07-11,0.71,129.0
2010-07-12,0.01,121.0
2010-07-13,0.0,119.0
2010-07-14,0.0,111.0
2010-07-15,0.0,104.0
2010-07-16,15.54,105.0
2010-07-17,3.97,113.0
2010-07-18,16.12,106.0
2010-07-19,0.02,133.0
2010-07-20,0.94,198.0
2010-07-21,0.0,186.0
2010-07-22,0.0,165.0
2010-07-23,0.0,132.0
2010-07-24,5.93,115.0
2010-07-25,2.74,109.0
2010-07-26,2.51,107.0
2010-07-27,9.17,112.0
2010-07-28,5.67,141.0
2010-07-29,0.0,169.0
2010-07-30,0.0,154.0
2010-07-31,0.0,155.0
2010-08-01,0.0,133.0
2010-08-02,0.45,113.0
2010-08-03,4.37,100.0
2010-08-04,7.57,96.1
2010-08-05,8.53,93.0
2010-08-06,0.0,247.0
2010-08-07,2.93,202.0
2010-08-08,4.87,163.0
2010-08-09,2.53,164.0
2010-08-10,0.48,122.0
2010-08-11,0.0,106.0
2010-08-12,1.49,96.6
2010-08-13,29.48,144.0
2010-08-14,19.31,243.0
2010-08-15,7.29,356.0
2010-08-16,3.62,331.0
2010-08-17,13.57,228.0
2010-08-18,21.75,300.0
2010-08-19,18.24,439.0
2010-08-20,0.0,1240.0
2010-08-21,0.0,1990.0
2010-08-22,14.93,2090.0
2010-08-23,0.01,707.0
2010-08-24,0.0,719.0
2010-08-25,0.0,936.0
2010-08-26,0.0,402.0
2010-08-27,0.43,282.0
2010-08-28,10.53,248.0
2010-08-29,6.03,225.0
2010-08-30,7.44,213.0
2010-08-31,0.0,235.0
2010-09-01,0.0,214.0
2010-09-02,0.0,190.0
2010-09-03,1.77,175.0
2010-09-04,0.0,162.0
2010-09-05,0.0,151.0
2010-09-06,0.0,141.0
2010-09-07,0.0,136.0
2010-09-08,0.0,131.0
2010-09-09,0.0,128.0
2010-09-10,0.0,124.0
2010-09-11,0.0,122.0
2010-09-12,0.0,120.0
2010-09-13,0.0,114.0
2010-09-14,0.0,109.0
2010-09-15,0.0,105.0
2010-09-16,0.0,105.0
2010-09-17,0.0,102.0
2010-09-18,0.0,98.1
2010-09-19,0.61,96.3
2010-09-20,0.0,96.9
2010-09-21,0.0,94.3
2010-09-22,0.0,93.5
2010-09-23,0.0,96.9
2010-09-24,0.0,103.0
2010-09-25,0.74,91.4
2010-09-26,1.82,88.7
2010-09-27,0.0,90.5
2010-09-28,0.0,94.5
2010-09-29,0.0,96.0
2010-09-30,0.0,87.8
2010-10-01,0.0,82.9
2010-10-02,0.0,78.7
2010-10-03,0.0,76.0
2010-10-04,0.0,73.0
2010-10-05,0.0,72.0
2010-10-06,0.0,71.0
2010-10-07,0.0,71.7
2010-10-08,0.0,71.4
2010-10-09,0.0,70.2
2010-10-10,0.0,71.1
2010-10-11,0.0,71.0
2010-10-12,2.95,71.0
2010-10-13,0.0,75.0
2010-10-14,0.0,74.0
2010-10-15,0.0,72.7
2010-10-16,0.0,70.7
2010-10-17,0.0,70.9
2010-10-18,0.0,71.1
2010-10-19,4.24,71.8
2010-10-20,0.0,73.7
2010-10-21,0.0,74.0
2010-10-22,0.0,72.9
2010-10-23,0.0,72.1
2010-10-24,4.93,73.0
2010-10-25,0.0,74.0
2010-10-26,0.51,73.0
2010-10-27,24.79,76.1
2010-10-28,0.0,84.7
2010-10-29,0.0,98.1
2010-10-30,0.0,94.1
2010-10-31,0.0,86.4
2010-11-01,1.78,84.0
2010-11-02,19.33,87.9
2010-11-03,11.58,135.0
2010-11-04,0.0,172.0
2010-11-05,0.0,131.0
2010-11-06,0.0,107.0
2010-11-07,0.0,99.5
2010-11-08,0.0,96.4
2010-11-09,0.0,95.0
2010-11-10,0.0,93.9
2010-11-11,0.0,93.1
2010-11-12,0.0,92.1
2010-11-13,3.36,91.2
2010-11-14,38.71,93.4
2010-11-15,27.42,360.0
2010-11-16,1.3,799.0
2010-11-17,2.74,575.0
2010-11-18,0.0,396.0
2010-11-19,0.0,322.0
2010-11-20,0.0,277.0
2010-11-21,0.0,244.0
2010-11-22,0.61,219.0
2010-11-23,7.64,202.0
2010-11-24,0.0,197.0
2010-11-25,23.49,230.0
2010-11-26,5.08,291.0
2010-11-27,0.0,380.0
2010-11-28,0.0,373.0
2010-11-29,30.95,332.0
2010-11-30,5.4,364.0
2010-12-01,0.0,776.0
2010-12-02,0.0,1070.0
2010-12-03,0.0,964.0
2010-12-04,0.0,540.0
2010-12-05,0.0,364.0
2010-12-06,0.0,294.0
2010-12-07,0.0,254.0
2010-12-08,0.0,226.0
2010-12-09,0.0,208.0
2010-12-10,0.0,194.0
2010-12-11,15.94,188.0
2010-12-12,0.0,215.0
2010-12-13,0.0,221.0
2010-12-14,0.0,209.0
2010-12-15,0.0,199.0
2010-12-16,1.47,203.0
2010-12-17,3.05,198.0
2010-12-18,0.0,182.0
2010-12-19,0.0,183.0
2010-12-20,0.0,167.0
2010-12-21,0.0,154.0
2010-12-22,0.0,148.0
2010-12-23,0.0,141.0
2010-12-24,2.21,136.0
2010-12-25,3.34,135.0
2010-12-26,0.0,139.0
2010-12-27,0.0,142.0
2010-12-28,0.0,137.0
2010-12-29,13.04,133.0
2010-12-30,0.33,169.0
2010-12-31,38.29,233.0
2011-01-01,0.01,1030.0
2011-01-02,0.0,1600.0
2011-01-03,0.0,1780.0
2011-01-04,6.55,1410.0
2011-01-05,2.03,735.0
2011-01-06,0.0,479.0
2011-01-07,0.0,613.0
2011-01-08,0.0,544.0
2011-01-09,11.27,415.0
2011-01-10,0.0,371.0
2011-01-11,0.0,355.0
2011-01-12,0.0,338.0
2011-01-13,0.0,320.0
2011-01-14,0.0,308.0
2011-01-15,0.0,280.0
2011-01-16,1.43,257.0
2011-01-17,0.03,241.0
2011-01-18,6.04,231.0
2011-01-19,0.0,230.0
2011-01-20,4.24,224.0
2011-01-21,0.0,222.0
2011-01-22,0.0,228.0
2011-01-23,0.0,220.0
2011-01-24,18.16,211.0
2011-01-25,7.69,265.0
2011-01-26,0.0,493.0
2011-01-27,0.0,864.0
2011-01-28,0.0,713.0
2011-01-29,0.0,468.0
2011-01-30,19.04,366.0
2011-01-31,2.47,446.0
2011-02-01,20.33,1230.0
2011-02-02,0.0,2060.0
2011-02-03,10.68,1990.0
2011-02-04,8.86,1690.0
2011-02-05,0.0,1690.0
2011-02-06,0.89,1980.0
2011-02-07,0.0,1650.0
2011-02-08,0.0,942.0
2011-02-09,9.32,646.0
2011-02-10,0.0,567.0
2011-02-11,0.0,545.0
2011-02-12,0.0,507.0
2011-02-13,0.0,458.0
2011-02-14,0.0,407.0
2011-02-15,0.0,365.0
2011-02-16,0.0,338.0
2011-02-17,0.0,310.0
2011-02-18,0.0,295.0
2011-02-19,0.0,279.0
2011-02-20,0.0,267.0
2011-02-21,0.0,255.0
2011-02-22,0.0,245.0
2011-02-23,0.0,234.0
2011-02-24,20.43,219.0
2011-02-25,0.0,310.0
2011-02-26,0.0,506.0
2011-02-27,0.0,665.0
2011-02-28,0.08,509.0
2011-03-01,0.0,388.0
2011-03-02,0.0,307.0
2011-03-03,0.0,274.0
2011-03-04,15.7,253.0
2011-03-05,29.27,321.0
2011-03-06,0.01,1880.0
2011-03-07,5.33,2730.0
2011-03-08,114.75,2440.0
2011-03-09,9.62,13200.0
2011-03-10,0.0,13800.0
2011-03-11,0.0,14600.0
2011-03-12,0.0,14100.0
2011-03-13,0.0,5250.0
2011-03-14,19.01,2700.0
2011-03-15,0.0,1870.0
2011-03-16,0.0,2460.0
2011-03-17,0.0,2370.0
2011-03-18,0.0,1520.0
2011-03-19,0.0,938.0
2011-03-20,0.0,744.0
2011-03-21,0.0,620.0
2011-03-22,0.0,535.0
2011-03-23,0.0,480.0
2011-03-24,0.0,434.0
2011-03-25,0.0,394.0
2011-03-26,0.02,362.0
2011-03-27,2.78,343.0
2011-03-28,0.0,324.0
2011-03-29,47.87,311.0
2011-03-30,15.15,1170.0
2011-03-31,0.09,2340.0
2011-04-01,1.97,2950.0
2011-04-02,0.0,1980.0
2011-04-03,0.0,881.0
2011-04-04,15.7,604.0
2011-04-05,0.0,603.0
2011-04-06,0.0,647.0
2011-04-07,0.0,610.0
2011-04-08,0.0,518.0
2011-04-09,0.0,413.0
2011-04-10,0.0,351.0
2011-04-11,9.87,311.0
2011-04-12,0.0,305.0
2011-04-13,0.0,316.0
2011-04-14,0.0,293.0
2011-04-15,11.96,257.0
2011-04-16,0.0,701.0
2011-04-17,0.0,878.0
2011-04-18,0.0,608.0
2011-04-19,0.0,386.0
2011-04-20,1.75,302.0
2011-04-21,23.17,271.0
2011-04-22,0.01,313.0
2011-04-23,0.27,555.0
2011-04-24,0.0,619.0
2011-04-25,5.3,360.0
2011-04-26,14.64,281.0
2011-04-27,17.45,266.0
2011-04-28,0.0,314.0
2011-04-29,0.0,1350.0
2011-04-30,0.0,1460.0
2011-05-01,0.0,701.0
2011-05-02,4.92,387.0
2011-05-03,9.48,308.0
2011-05-04,0.0,283.0
2011-05-05,0.0,273.0
2011-05-06,0.0,310.0
2011-05-07,0.0,271.0
2011-05-08,0.0,248.0
2011-05-09,0.0,224.0
2011-05-10,0.0,206.0
2011-05-11,0.0,195.0
2011-05-12,0.0,185.0
2011-05-13,6.63,179.0
2011-05-14,0.0,189.0
2011-05-15,0.0,184.0
2011-05-16,0.0,173.0
2011-05-17,0.0,166.0
2011-05-18,0.0,162.0
2011-05-19,0.0,157.0
2011-05-20,0.0,153.0
2011-05-21,0.0,150.0
2011-05-22,0.0,146.0
2011-05-23,0.0,140.0
2011-05-24,0.0,136.0
2011-05-25,0.41,131.0
2011-05-26,2.89,131.0
2011-05-27,0.0,136.0
2011-05-28,0.0,130.0
2011-05-29,0.0,125.0
2011-05-30,0.13,123.0
2011-05-31,0.0,121.0
2011-06-01,0.0,121.0
2011-06-02,0.0,119.0
2011-06-03,0.0,117.0
2011-06-04,0.0,114.0
2011-06-05,0.0,112.0
2011-06-06,0.0,109.0
2011-06-07,6.28,108.0
2011-06-08,8.02,108.0
2011-06-09,0.0,113.0
2011-06-10,0.0,128.0
2011-06-11,0.04,133.0
2011-06-12,0.75,129.0
2011-06-13,3.64,133.0
2011-06-14,0.0,103.0
2011-06-15,0.0,90.2
2011-06-16,1.2,85.8
2011-06-17,0.0,81.3
2011-06-18,0.0,78.6
2011-06-19,0.0,77.1
2011-06-20,0.01,73.8
2011-06-21,33.13,83.2
2011-06-22,18.73,122.0
2011-06-23,0.0,133.0
2011-06-24,1.32,134.0
2011-06-25,0.0,102.0
2011-06-26,0.0,90.3
2011-06-27,0.0,84.4
2011-06-28,4.32,79.4
2011-06-29,0.0,77.0
2011-06-30,0.0,74.9
2011-07-01,0.0,73.2
2011-07-02,0.0,69.9
2011-07-03,0.8,67.6
2011-07-04,12.58,67.6
2011-07-05,17.68,116.0
2011-07-06,0.0,154.0
2011-07-07,0.0,106.0
2011-07-08,0.0,91.7
2011-07-09,0.0,83.9
2011-07-10,0.41,82.7
2011-07-11,1.48,81.0
2011-07-12,17.22,80.6
2011-07-13,7.83,91.5
2011-07-14,11.81,140.0
2011-07-15,0.11,138.0
2011-07-16,2.27,143.0
2011-07-17,2.56,119.0
2011-07-18,0.58,108.0
2011-07-19,0.0,105.0
2011-07-20,1.01,98.8
2011-07-21,10.49,93.2
2011-07-22,9.9,93.5
2011-07-23,29.75,129.0
2011-07-24,9.57,201.0
2011-07-25,10.75,283.0
2011-07-26,0.07,376.0
2011-07-27,12.16,250.0
2011-07-28,7.67,229.0
2011-07-29,0.26,207.0
2011-07-30,0.0,169.0
2011-07-31,4.1,164.0
2011-08-01,0.77,146.0
2011-08-02,0.0,125.0
2011-08-03,0.0,109.0
2011-08-04,6.59,98.0
2011-08-05,0.0,90.9
2011-08-06,6.6,85.2
2011-08-07,0.0,82.1
2011-08-08,0.0,80.7
2011-08-09,9.42,80.9
2011-08-10,0.58,105.0
2011-08-11,0.03,115.0
2011-08-12,0.0,103.0
2011-08-13,3.39,88.5
2011-08-14,0.0,87.8
2011-08-15,0.0,123.0
2011-08-16,0.0,89.0
2011-08-17,0.0,81.0
2011-08-18,5.94,76.3
2011-08-19,0.09,75.0
2011-08-20,0.0,74.4
2011-08-21,5.91,73.6
2011-08-22,0.87,85.0
2011-08-23,0.09,103.0
2011-08-24,0.9,95.2
2011-08-25,0.0,81.8
2011-08-26,0.0,72.9
2011-08-27,0.0,67.8
2011-08-28,0.0,64.9
2011-08-29,0.0,60.5
2011-08-30,0.0,58.6
2011-08-31,0.0,57.5
2011-09-01,0.0,56.0
2011-09-02,0.0,55.0
2011-09-03,34.93,57.0
2011-09-04,160.58,122.0
2011-09-05,22.92,1530.0
2011-09-06,0.0,5280.0
2011-09-07,0.0,7320.0
2011-09-08,0.0,5000.0
2011-09-09,0.0,1800.0
2011-09-10,0.0,629.0
2011-09-11,0.99,402.0
2011-09-12,0.03,316.0
2011-09-13,0.0,264.0
2011-09-14,0.01,227.0
2011-09-15,0.0,200.0
2011-09-16,0.0,178.0
2011-09-17,0.0,166.0
2011-09-18,6.85,155.0
2011-09-19,32.19,169.0
2011-09-20,0.0,304.0
2011-09-21,0.0,440.0
2011-09-22,0.46,404.0
2011-09-23,0.2,286.0
2011-09-24,0.0,220.0
2011-09-25,0.0,178.0
2011-09-26,8.6,155.0
2011-09-27,7.24,145.0
2011-09-28,0.01,151.0
2011-09-29,0.0,148.0
2011-09-30,0.0,132.0
2011-10-01,0.0,122.0
2011-10-02,0.0,116.0
2011-10-03,0.0,110.0
2011-10-04,0.0,107.0
2011-10-05,0.0,104.0
2011-10-06,0.0,99.9
2011-10-07,0.0,96.1
2011-10-08,0.0,92.8
2011-10-09,0.0,89.6
2011-10-10,0.0,87.3
2011-10-11,0.08,85.9
2011-10-12,13.32,87.8
2011-10-13,0.0,106.0
2011-10-14,0.0,107.0
2011-10-15,0.0,99.3
2011-10-16,0.0,90.5
2011-10-17,0.0,86.5
2011-10-18,0.02,83.9
2011-10-19,0.0,81.0
2011-10-20,0.0,79.0
2011-10-21,0.0,78.0
2011-10-22,0.0,78.1
2011-10-23,0.26,78.1
2011-10-24,0.0,77.9
2011-10-25,0.0,77.9
2011-10-26,0.0,77.6
2011-10-27,1.93,75.7
2011-10-28,1.55,75.3
2011-10-29,0.0,74.1
2011-10-30,0.0,73.8
2011-10-31,0.0,74.2
2011-11-01,0.0,73.5
2011-11-02,0.53,73.6
2011-11-03,5.03,74.0
2011-11-04,0.0,77.0
2011-11-05,0.0,81.0
2011-11-06,0.0,79.0
2011-11-07,0.0,76.0
2011-11-08,4.24,75.0
2011-11-09,0.06,80.0
2011-11-10,0.0,80.2
2011-11-11,0.0,78.8
2011-11-12,0.0,75.9
2011-11-13,0.04,74.0
2011-11-14,0.3,74.9
2011-11-15,28.95,77.9
2011-11-16,6.73,169.0
2011-11-17,0.0,221.0
2011-11-18,0.0,139.0
2011-11-19,0.0,111.0
2011-11-20,0.0,101.0
2011-11-21,1.61,97.5
2011-11-22,12.95,96.2
2011-11-23,0.0,108.0
2011-11-24,0.0,114.0
2011-11-25,0.0,102.0
2011-11-26,29.47,96.3
2011-11-27,2.32,128.0
2011-11-28,1.96,154.0
2011-11-29,0.0,174.0
2011-11-30,0.0,176.0
2011-12-01,0.0,152.0
2011-12-02,0.0,128.0
2011-12-03,0.0,115.0
2011-12-04,0.34,107.0
2011-12-05,7.92,103.0
2011-12-06,8.6,109.0
2011-12-07,0.12,122.0
2011-12-08,0.0,133.0
2011-12-09,0.0,125.0
2011-12-10,0.0,117.0
2011-12-11,0.0,113.0
2011-12-12,0.0,108.0
2011-12-13,0.0,105.0
2011-12-14,0.77,104.0
2011-12-15,4.58,103.0
2011-12-16,3.09,105.0
2011-12-17,0.0,113.0
2011-12-18,0.0,109.0
2011-12-19,0.0,105.0
2011-12-20,6.81,103.0
2011-12-21,1.33,115.0
2011-12-22,15.04,133.0
2011-12-23,0.0,169.0
2011-12-24,17.76,147.0
2011-12-25,32.16,195.0
2011-12-26,44.42,664.0
2011-12-27,0.0,2780.0
2011-12-28,0.0,3250.0
2011-12-29,0.0,3170.0
2011-12-30,0.0,2060.0
2011-12-31,0.0,809.0
2012-01-01,0.0,504.0
2012-01-02,0.0,402.0
2012-01-03,0.0,341.0
2012-01-04,0.0,301.0
2012-01-05,0.0,277.0
2012-01-06,0.0,260.0
2012-01-07,1.77,245.0
2012-01-08,20.83,242.0
2012-01-09,13.71,486.0
2012-01-10,18.14,1050.0
2012-01-11,0.0,1750.0
2012-01-12,0.0,1440.0
2012-01-13,0.0,1030.0
2012-01-14,0.0,617.0
2012-01-15,0.01,457.0
2012-01-16,0.05,376.0
2012-01-17,13.85,344.0
2012-01-18,0.0,364.0
2012-01-19,0.71,380.0
2012-01-20,1.15,370.0
2012-01-21,0.42,372.0
2012-01-22,13.7,354.0
2012-01-23,0.0,507.0
2012-01-24,0.11,854.0
2012-01-25,37.33,1310.0
2012-01-26,10.66,2640.0
2012-01-27,0.0,3820.0
2012-01-28,0.0,3710.0
2012-01-29,0.0,2650.0
2012-01-30,0.0,1190.0
2012-01-31,22.22,660.0
2012-02-01,13.04,637.0
2012-02-02,5.96,1420.0
2012-02-03,17.53,1770.0
2012-02-04,11.24,2240.0
2012-02-05,0.0,4020.0
2012-02-06,0.0,4220.0
2012-02-07,0.0,3010.0
2012-02-08,0.0,1470.0
2012-02-09,0.04,824.0
2012-02-10,2.9,642.0
2012-02-11,0.0,555.0
2012-02-12,0.0,493.0
2012-02-13,21.65,448.0
2012-02-14,0.0,738.0
2012-02-15,25.5,1170.0
2012-02-16,0.0,2160.0
2012-02-17,0.01,3000.0
2012-02-18,48.89,4060.0
2012-02-19,0.33,6990.0
2012-02-20,0.0,5860.0
2012-02-21,0.0,5650.0
2012-02-22,0.0,3550.0
2012-02-23,0.0,1930.0
2012-02-24,0.0,1100.0
2012-02-25,0.0,775.0
2012-02-26,0.05,633.0
2012-02-27,3.43,552.0
2012-02-28,10.35,602.0
2012-02-29,0.04,657.0
2012-03-01,0.99,582.0
2012-03-02,27.62,600.0
2012-03-03,0.53,3250.0
2012-03-04,0.0,2770.0
2012-03-05,0.0,1750.0
2012-03-06,0.0,1010.0
2012-03-07,0.0,682.0
2012-03-08,37.21,554.0
2012-03-09,2.25,2430.0
2012-03-10,0.0,3370.0
2012-03-11,4.4,2870.0
2012-03-12,1.53,1850.0
2012-03-13,0.0,1120.0
2012-03-14,0.0,832.0
2012-03-15,0.0,689.0
2012-03-16,0.0,588.0
2012-03-17,0.0,511.0
2012-03-18,0.0,457.0
2012-03-19,0.0,415.0
2012-03-20,0.0,382.0
2012-03-21,117.19,876.0
2012-03-22,23.25,11800.0
2012-03-23,0.0,15100.0
2012-03-24,0.0,17000.0
2012-03-25,0.0,17600.0
2012-03-26,0.0,7440.0
2012-03-27,0.0,3020.0
2012-03-28,0.0,1480.0
2012-03-29,0.0,964.0
2012-03-30,0.25,782.0
2012-03-31,0.0,671.0
2012-04-01,0.0,590.0
2012-04-02,27.87,557.0
2012-04-03,16.03,1110.0
2012-04-04,3.62,1590.0
2012-04-05,6.42,1700.0
2012-04-06,0.0,1780.0
2012-04-07,0.0,1310.0
2012-04-08,0.0,843.0
2012-04-09,0.0,612.0
2012-04-10,0.02,504.0
2012-04-11,0.1,442.0
2012-04-12,0.0,400.0
2012-04-13,0.0,370.0
2012-04-14,0.0,345.0
2012-04-15,0.0,322.0
2012-04-16,9.1,310.0
2012-04-17,22.62,344.0
2012-04-18,0.0,450.0
2012-04-19,0.0,450.0
2012-04-20,0.0,383.0
2012-04-21,0.0,335.0
2012-04-22,0.0,306.0
2012-04-23,0.0,280.0
2012-04-24,0.0,260.0
2012-04-25,0.0,246.0
2012-04-26,0.0,235.0
2012-04-27,0.0,226.0
2012-04-28,0.0,218.0
2012-04-29,0.0,212.0
2012-04-30,0.0,204.0
2012-05-01,0.0,197.0
2012-05-02,15.73,203.0
2012-05-03,0.0,293.0
2012-05-04,0.0,278.0
2012-05-05,0.0,245.0
2012-05-06,0.0,212.0
2012-05-07,11.55,197.0
2012-05-08,12.84,209.0
2012-05-09,0.01,281.0
2012-05-10,0.0,239.0
2012-05-11,0.09,206.0
2012-05-12,26.83,197.0
2012-05-13,0.0,197.0
2012-05-14,0.0,526.0
2012-05-15,0.0,981.0
2012-05-16,0.0,534.0
2012-05-17,0.0,305.0
2012-05-18,0.0,232.0
2012-05-19,0.0,198.0
2012-05-20,0.0,178.0
2012-05-21,0.13,163.0
2012-05-22,0.0,153.0
2012-05-23,0.0,145.0
2012-05-24,0.0,138.0
2012-05-25,0.0,132.0
2012-05-26,0.0,125.0
2012-05-27,0.0,120.0
2012-05-28,0.0,116.0
2012-05-29,0.0,111.0
2012-05-30,18.61,107.0
2012-05-31,32.04,125.0
2012-06-01,0.0,188.0
2012-06-02,0.0,241.0
2012-06-03,0.0,291.0
2012-06-04,12.75,234.0
2012-06-05,1.74,173.0
2012-06-06,0.0,171.0
2012-06-07,0.0,190.0
2012-06-08,4.05,170.0
2012-06-09,7.01,157.0
2012-06-10,8.89,154.0
2012-06-11,31.03,166.0
2012-06-12,13.27,256.0
2012-06-13,0.0,413.0
2012-06-14,0.0,746.0
2012-06-15,0.12,739.0
2012-06-16,0.0,358.0
2012-06-17,0.0,225.0
2012-06-18,0.0,175.0
2012-06-19,0.0,149.0
2012-06-20,0.0,133.0
2012-06-21,0.0,122.0
2012-06-22,0.0,114.0
2012-06-23,0.0,109.0
2012-06-24,0.0,104.0
2012-06-25,0.0,98.9
2012-06-26,0.0,94.6
2012-06-27,0.0,90.8
2012-06-28,0.0,88.0
2012-06-29,0.0,85.3
2012-06-30,0.0,83.0
2012-07-01,0.0,80.9
2012-07-02,0.0,79.0
2012-07-03,0.0,79.5
2012-07-04,5.07,79.4
2012-07-05,9.73,83.3
2012-07-06,2.43,86.3
2012-07-07,2.66,89.1
2012-07-08,18.07,102.0
2012-07-09,7.67,110.0
2012-07-10,28.05,145.0
2012-07-11,34.54,141.0
2012-07-12,22.53,300.0
2012-07-13,9.2,568.0
2012-07-14,10.23,1330.0
2012-07-15,9.37,1080.0
2012-07-16,0.0,733.0
2012-07-17,1.2,903.0
2012-07-18,19.71,690.0
2012-07-19,31.87,667.0
2012-07-20,10.3,1100.0
2012-07-21,14.73,1990.0
2012-07-22,0.02,2440.0
2012-07-23,0.0,2750.0
2012-07-24,0.0,2670.0
2012-07-25,0.0,1370.0
2012-07-26,0.0,399.0
2012-07-27,9.31,271.0
2012-07-28,0.0,260.0
2012-07-29,0.0,273.0
2012-07-30,0.0,212.0
2012-07-31,0.0,180.0
2012-08-01,0.0,162.0
2012-08-02,0.0,148.0
2012-08-03,4.48,142.0
2012-08-04,4.44,210.0
2012-08-05,2.89,160.0
2012-08-06,7.38,146.0
2012-08-07,0.0,196.0
2012-08-08,0.82,234.0
2012-08-09,13.86,207.0
2012-08-10,13.76,168.0
2012-08-11,0.0,284.0
2012-08-12,0.0,351.0
2012-08-13,10.91,209.0
2012-08-14,0.0,164.0
2012-08-15,3.37,396.0
2012-08-16,12.32,391.0
2012-08-17,17.65,320.0
2012-08-18,17.17,320.0
2012-08-19,4.79,369.0
2012-08-20,1.25,320.0
2012-08-21,0.0,270.0
2012-08-22,0.0,288.0
2012-08-23,0.0,224.0
2012-08-24,0.63,188.0
2012-08-25,5.44,154.0
2012-08-26,0.0,138.0
2012-08-27,0.01,128.0
2012-08-28,13.51,130.0
2012-08-29,116.02,209.0
2012-08-30,28.95,4300.0
2012-08-31,13.61,6060.0
2012-09-01,4.68,5510.0
2012-09-02,0.0,4320.0
2012-09-03,0.0,2460.0
2012-09-04,2.21,1240.0
2012-09-05,0.0,689.0
2012-09-06,0.0,486.0
2012-09-07,0.0,387.0
2012-09-08,0.0,331.0
2012-09-09,0.0,291.0
2012-09-10,0.0,262.0
2012-09-11,0.0,236.0
2012-09-12,0.0,217.0
2012-09-13,0.0,203.0
2012-09-14,0.0,188.0
2012-09-15,0.0,175.0
2012-09-16,0.0,164.0
2012-09-17,36.56,163.0
2012-09-18,11.85,191.0
2012-09-19,0.0,390.0
2012-09-20,0.0,663.0
2012-09-21,0.0,519.0
2012-09-22,0.0,348.0
2012-09-23,0.0,250.0
2012-09-24,0.0,207.0
2012-09-25,0.0,181.0
2012-09-26,0.0,164.0
2012-09-27,0.0,153.0
2012-09-28,0.0,145.0
2012-09-29,21.17,141.0
2012-09-30,32.49,178.0
2012-10-01,1.7,314.0
2012-10-02,0.0,375.0
2012-10-03,0.0,428.0
2012-10-04,0.0,313.0
2012-10-05,0.0,245.0
2012-10-06,0.0,202.0
2012-10-07,0.0,177.0
2012-10-08,0.0,162.0
2012-10-09,0.0,148.0
2012-10-10,0.0,141.0
2012-10-11,0.0,134.0
2012-10-12,0.0,129.0
2012-10-13,0.0,128.0
2012-10-14,2.03,130.0
2012-10-15,0.0,128.0
2012-10-16,0.0,121.0
2012-10-17,15.85,113.0
2012-10-18,0.0,113.0
2012-10-19,0.0,130.0
2012-10-20,0.0,117.0
2012-10-21,0.0,106.0
2012-10-22,0.0,103.0
2012-10-23,0.0,101.0
2012-10-24,0.0,99.6
2012-10-25,0.0,98.7
2012-10-26,0.0,97.7
2012-10-27,0.0,97.0
2012-10-28,0.0,94.9
2012-10-29,0.0,94.5
2012-10-30,0.0,93.2
2012-10-31,0.0,91.9
2012-11-01,0.0,91.8
2012-11-02,0.0,92.1
2012-11-03,4.0,91.3
2012-11-04,1.89,93.2
2012-11-05,8.46,96.5
2012-11-06,0.0,107.0
2012-11-07,0.0,113.0
2012-11-08,0.0,105.0
2012-11-09,0.0,97.8
2012-11-10,0.0,96.9
2012-11-11,25.65,95.8
2012-11-12,0.15,133.0
2012-11-13,0.0,216.0
2012-11-14,0.0,198.0
2012-11-15,0.0,181.0
2012-11-16,0.0,161.0
2012-11-17,0.0,141.0
2012-11-18,0.0,130.0
2012-11-19,0.0,122.0
2012-11-20,0.0,119.0
2012-11-21,0.0,116.0
2012-11-22,0.0,113.0
2012-11-23,0.0,111.0
2012-11-24,0.0,109.0
2012-11-25,0.02,109.0
2012-11-26,28.95,113.0
2012-11-27,1.17,183.0
2012-11-28,0.0,258.0
2012-11-29,0.0,247.0
2012-11-30,0.0,238.0
2012-12-01,0.0,201.0
2012-12-02,0.0,176.0
2012-12-03,0.05,159.0
2012-12-04,22.61,149.0
2012-12-05,1.77,220.0
2012-12-06,0.0,216.0
2012-12-07,0.0,204.0
2012-12-08,0.0,211.0
2012-12-09,26.31,201.0
2012-12-10,15.58,265.0
2012-12-11,0.0,652.0
2012-12-12,0.0,1140.0
2012-12-13,0.0,889.0
2012-12-14,0.0,453.0
2012-12-15,0.0,316.0
2012-12-16,28.51,274.0
2012-12-17,0.0,446.0
2012-12-18,0.0,977.0
2012-12-19,10.32,992.0
2012-12-20,0.0,601.0
2012-12-21,0.0,638.0
2012-12-22,0.0,865.0
2012-12-23,3.74,555.0
2012-12-24,13.03,391.0
2012-12-25,48.24,984.0
2012-12-26,0.0,2560.0
2012-12-27,0.0,3920.0
2012-12-28,57.83,6040.0
2012-12-29,0.0,9110.0
2012-12-30,0.0,6890.0
2012-12-31,14.99,6450.0
